Player,Nation,Pos,Squad,Age,Born,MP,Starts,Min,90s,Gls,Ast,G-PK,PK,PKatt,CrdY,CrdR,Gls.1,Ast.1,G+A,G-PK.1,G+A-PK,Sh,SoT,SoT%,Sh/90,SoT/90,G/Sh,G/SoT,Dist,Mn/MP,Min%,Mn/Start,Compl,Subs,Mn/Sub,unSub,PPM,onG,onGA,+/-,+/-90,On-Off,2CrdY,Fls,Fld,Off,Crs,Int,TklW,PKwon,PKcon,OG,League Name,League ID,Season
Abdallah N'dour,sn SEN,DF,Sochaux,27,1993,14,14,1259,14.0,0,0,0,0,0,0,0,0.0,0.0,0.0,0.0,0.0,4,1,25.0,0.29,0.07,0.0,0.0,,90,99.9,90.0,13,0,,0,2.0,14,7,7,0.5,0.5,0,8,11,4,64,9,12,,,0,Ligue-2,60,2021-2022
Abdel Abdallah,km COM,"DF,MF",Grenoble,24,1997,10,7,659,7.3,1,1,1,0,0,1,0,0.14,0.14,0.27,0.14,0.27,5,1,20.0,0.68,0.14,0.2,1.0,,66,52.3,86.0,4,3,18.0,3,1.1,6,9,-3,-0.41,-0.26,0,10,12,1,25,17,3,,,0,Ligue-2,60,2021-2022
Abdelhamid El Kaoutari,ma MAR,DF,Nancy,31,1990,4,4,349,3.9,0,0,0,0,0,2,0,0.0,0.0,0.0,0.0,0.0,1,0,0.0,0.26,0.0,0.0,,,87,27.7,87.0,3,0,,1,0.75,2,3,-1,-0.26,1.03,0,3,3,0,0,4,2,,,0,Ligue-2,60,2021-2022
Abdelwahed Wahib,ma MAR,DF,Le Havre,21,2000,3,1,142,1.6,0,0,0,0,0,0,0,0.0,0.0,0.0,0.0,0.0,0,0,,0.0,0.0,,,,47,11.3,90.0,1,2,26.0,8,1.0,1,1,0,0.0,-0.48,0,3,0,0,3,4,0,,,0,Ligue-2,60,2021-2022
Abdoul Kader Bamba,fr FRA,MF,Amiens,27,1994,6,6,480,5.3,1,2,1,0,0,2,1,0.19,0.37,0.56,0.19,0.56,7,3,42.9,1.31,0.56,0.14,0.33,,80,38.1,80.0,2,0,,0,1.17,8,6,2,0.37,0.84,0,6,16,0,26,1,4,,,0,Ligue-2,60,2021-2022
Abdoullah Ba,fr FRA,"MF,FW",Le Havre,18,2003,10,4,370,4.1,0,0,0,0,0,3,0,0.0,0.0,0.0,0.0,0.0,4,3,75.0,0.97,0.73,0.0,0.0,,37,29.4,71.0,0,6,15.0,3,1.4,3,1,2,0.49,0.08,0,10,11,0,3,4,1,,,0,Ligue-2,60,2021-2022
Abou Ouattara,bf BFA,"FW,MF",Valenciennes,21,1999,13,3,636,7.1,0,1,0,0,0,2,0,0.0,0.14,0.14,0.0,0.14,11,3,27.3,1.56,0.42,0.0,0.0,,49,50.5,88.0,2,10,37.0,1,0.92,5,13,-8,-1.13,-0.84,0,18,9,3,12,8,8,,,0,Ligue-2,60,2021-2022
Achille Anani,ci CIV,FW,Grenoble,26,1994,11,8,677,7.5,1,1,1,0,1,2,0,0.13,0.13,0.27,0.13,0.27,13,6,46.2,1.73,0.8,0.08,0.17,,62,53.7,75.0,4,3,25.0,0,1.0,5,13,-8,-1.06,-1.68,0,19,12,11,2,1,3,,,0,Ligue-2,60,2021-2022
Adama Diakhaby,fr FRA,"FW,MF",Amiens,25,1996,10,4,438,4.9,0,0,0,0,0,1,0,0.0,0.0,0.0,0.0,0.0,5,1,20.0,1.03,0.21,0.0,0.0,,44,34.8,74.0,1,6,24.0,0,0.5,3,7,-4,-0.82,-1.04,0,15,6,1,9,2,2,,,0,Ligue-2,60,2021-2022
Adama Fofana,ci CIV,"DF,MF",Dijon,22,1999,8,8,672,7.5,0,0,0,0,0,0,0,0.0,0.0,0.0,0.0,0.0,3,0,0.0,0.4,0.0,0.0,,,84,53.3,84.0,6,0,,0,1.88,7,6,1,0.13,1.21,0,11,12,1,24,7,16,,,0,Ligue-2,60,2021-2022
Adama Niane,ml MLI,FW,Sochaux,28,1993,2,0,13,0.1,0,0,0,0,0,0,0,0.0,0.0,0.0,0.0,0.0,2,0,0.0,13.85,0.0,0.0,,,7,1.0,,0,2,7.0,3,1.5,0,0,0,0.0,-0.51,0,0,0,0,0,0,0,,,0,Ligue-2,60,2021-2022
Adil Taoui,fr FRA,"MF,FW",Bastia,20,2001,7,4,384,4.3,0,0,0,0,0,0,0,0.0,0.0,0.0,0.0,0.0,6,2,33.3,1.41,0.47,0.0,0.0,,55,30.5,68.0,0,3,37.0,2,0.43,1,5,-4,-0.94,-0.83,0,6,7,3,13,3,4,,,0,Ligue-2,60,2021-2022
Adilson Malanda,fr FRA,DF,Rodez Aveyron,20,2001,13,11,1026,11.4,0,0,0,0,0,1,0,0.0,0.0,0.0,0.0,0.0,0,0,,0.0,0.0,,,,79,81.4,90.0,10,2,20.0,1,1.38,15,9,6,0.53,2.45,0,12,8,0,3,29,13,,,0,Ligue-2,60,2021-2022
Ado Onaiwu,jp JPN,FW,Toulouse,25,1995,14,10,877,9.7,5,0,5,0,0,1,0,0.51,0.0,0.51,0.51,0.51,21,9,42.9,2.16,0.92,0.24,0.56,,63,69.6,75.0,3,4,33.0,0,2.07,21,7,14,1.44,0.26,0,18,8,2,1,2,5,,,0,Ligue-2,60,2021-2022
Adon Gomis,fr FRA,DF,Dunkerque,29,1992,14,13,1156,12.8,1,1,1,0,0,1,0,0.08,0.08,0.16,0.08,0.16,5,2,40.0,0.39,0.16,0.2,0.5,,83,91.7,88.0,12,1,12.0,0,1.14,14,16,-2,-0.16,0.71,0,16,9,1,1,13,19,,,0,Ligue-2,60,2021-2022
Adrien Monfray,fr FRA,DF,Grenoble,30,1990,13,12,1128,12.5,1,0,1,0,0,3,0,0.08,0.0,0.08,0.08,0.08,9,1,11.1,0.72,0.08,0.11,1.0,,87,89.5,90.0,12,1,48.0,0,1.15,10,16,-6,-0.48,-1.84,0,6,12,0,0,18,20,,,0,Ligue-2,60,2021-2022
Adrián Cubas,py PAR,MF,Nîmes,25,1996,10,8,732,8.1,0,2,0,0,0,3,0,0.0,0.25,0.25,0.0,0.25,2,0,0.0,0.25,0.0,0.0,,,73,58.1,85.0,4,2,26.0,0,1.3,9,9,0,0.0,0.51,0,22,9,0,0,19,24,,,0,Ligue-2,60,2021-2022
Aeron Zinga,fr FRA,DF,Valenciennes,21,2000,2,0,17,0.2,0,0,0,0,0,0,0,0.0,0.0,0.0,0.0,0.0,1,0,0.0,5.29,0.0,0.0,,,9,1.3,,0,2,9.0,0,0.0,0,0,0,0.0,0.72,0,1,0,0,0,0,0,,,0,Ligue-2,60,2021-2022
Ahmad Ngouyamsa,cm CMR,"MF,DF",Dijon,20,2000,8,6,540,6.0,0,0,0,0,0,1,1,0.0,0.0,0.0,0.0,0.0,1,0,0.0,0.17,0.0,0.0,,,68,42.9,77.0,4,2,39.0,4,1.25,6,9,-3,-0.5,-0.13,0,17,5,0,16,7,6,,,0,Ligue-2,60,2021-2022
Alan Kerouedan,fr FRA,MF,Rodez Aveyron,21,2000,4,2,171,1.9,0,0,0,0,0,0,0,0.0,0.0,0.0,0.0,0.0,1,0,0.0,0.53,0.0,0.0,,,43,13.6,69.0,0,2,17.0,1,1.0,1,4,-3,-1.58,-1.91,0,1,0,0,9,2,4,,,0,Ligue-2,60,2021-2022
Alan Virginius,fr FRA,MF,Sochaux,18,2003,9,1,168,1.9,2,1,2,0,0,0,0,1.07,0.54,1.61,1.07,1.61,3,2,66.7,1.61,1.07,0.67,1.0,,19,13.3,45.0,0,8,15.0,2,1.67,3,3,0,0.0,-0.58,0,1,2,0,9,3,1,,,0,Ligue-2,60,2021-2022
Alassane Diaby,ml MLI,MF,Quevilly-Rouen,26,1995,8,8,667,7.4,1,0,1,0,0,2,1,0.13,0.0,0.13,0.13,0.13,3,1,33.3,0.4,0.13,0.33,1.0,,83,52.9,83.0,6,0,,2,1.5,8,9,-1,-0.13,0.62,0,21,24,0,0,5,7,,,0,Ligue-2,60,2021-2022
Alassane N'Diaye,fr FRA,"FW,MF",Ajaccio,30,1991,7,0,117,1.3,0,0,0,0,0,0,0,0.0,0.0,0.0,0.0,0.0,3,1,33.3,2.31,0.77,0.0,0.0,,17,9.3,,0,7,17.0,2,2.29,2,0,2,1.54,1.07,0,5,1,0,0,2,1,,,0,Ligue-2,60,2021-2022
Aldo Kalulu,fr FRA,FW,Sochaux,25,1996,14,13,1135,12.6,4,0,4,0,0,2,0,0.32,0.0,0.32,0.32,0.32,20,7,35.0,1.59,0.56,0.2,0.57,,81,90.1,84.0,2,1,45.0,0,2.0,11,4,7,0.56,0.56,0,16,8,16,11,3,2,,,0,Ligue-2,60,2021-2022
Alec Georgen,fr FRA,DF,Auxerre,23,1998,6,5,421,4.7,0,0,0,0,0,1,0,0.0,0.0,0.0,0.0,0.0,2,0,0.0,0.43,0.0,0.0,,,70,33.4,83.0,4,1,7.0,8,1.83,3,9,-6,-1.28,-2.68,0,6,5,1,10,15,14,,,0,Ligue-2,60,2021-2022
Alex Gersbach,au AUS,"DF,MF",Grenoble,24,1997,7,7,630,7.0,0,1,0,0,0,1,0,0.0,0.14,0.14,0.0,0.14,1,1,100.0,0.14,0.14,0.0,0.0,,90,50.0,90.0,7,0,,1,2.0,11,5,6,0.86,2.29,0,8,3,0,24,12,9,,,0,Ligue-2,60,2021-2022
Alexandre Bonnet,fr FRA,MF,Le Havre,35,1986,14,4,442,4.9,0,0,0,0,0,1,0,0.0,0.0,0.0,0.0,0.0,3,0,0.0,0.61,0.0,0.0,,,32,35.1,69.0,0,10,17.0,0,1.71,2,3,-1,-0.2,-0.97,0,4,6,0,14,4,7,,,0,Ligue-2,60,2021-2022
Alexandre Coeff,fr FRA,"MF,DF",Auxerre,29,1992,9,8,714,7.9,0,1,0,0,0,1,0,0.0,0.13,0.13,0.0,0.13,3,0,0.0,0.38,0.0,0.0,,,79,56.7,87.0,6,1,22.0,1,2.0,13,5,8,1.01,1.17,0,6,7,2,14,15,9,,,0,Ligue-2,60,2021-2022
Alexandre Mendy,gw GNB,FW,Caen,27,1994,12,12,989,11.0,7,1,5,2,2,1,1,0.64,0.09,0.73,0.46,0.55,23,13,56.5,2.09,1.18,0.22,0.38,,82,78.5,82.0,6,0,,0,1.25,13,14,-1,-0.09,-0.42,0,20,14,11,5,1,2,,,0,Ligue-2,60,2021-2022
Alexandre Olliero,fr FRA,GK,Pau FC,25,1996,14,14,1260,14.0,0,0,0,0,0,1,0,0.0,0.0,0.0,0.0,0.0,0,0,,0.0,0.0,,,,90,100.0,90.0,14,0,,0,1.5,14,12,2,0.14,,0,1,2,0,0,0,0,,,0,Ligue-2,60,2021-2022
Alexandre Tegar,fr FRA,DF,Quevilly-Rouen,21,2000,4,4,360,4.0,0,0,0,0,0,0,0,0.0,0.0,0.0,0.0,0.0,0,0,,0.0,0.0,,,,90,28.6,90.0,4,0,,1,1.5,6,6,0,0.0,0.6,0,4,2,0,0,9,9,,,0,Ligue-2,60,2021-2022
Alexis Trouillet,fr FRA,MF,Auxerre,20,2000,4,2,140,1.6,0,1,0,0,0,0,0,0.0,0.64,0.64,0.0,0.64,4,3,75.0,2.57,1.93,0.0,0.0,,35,11.1,64.0,0,2,6.0,1,2.5,4,1,3,1.93,1.61,0,2,2,0,0,2,3,,,0,Ligue-2,60,2021-2022
Ali Abdi,tn TUN,"DF,MF",Caen,27,1993,11,11,923,10.3,0,3,0,0,0,3,1,0.0,0.29,0.29,0.0,0.29,11,6,54.5,1.07,0.59,0.0,0.0,,84,73.3,84.0,7,0,,1,0.91,9,14,-5,-0.49,-1.82,1,13,10,1,29,25,11,,,1,Ligue-2,60,2021-2022
Alimani Gory,ml MLI,"FW,MF",Paris FC,25,1996,1,0,13,0.1,0,0,0,0,0,1,0,0.0,0.0,0.0,0.0,0.0,0,0,,0.0,0.0,,,,13,1.0,,0,1,13.0,0,0.0,0,1,-1,-6.92,-7.14,0,1,2,0,0,0,0,,,0,Ligue-2,60,2021-2022
Aliou Badji,sn SEN,FW,Amiens,24,1997,6,6,392,4.4,1,0,1,0,0,2,0,0.23,0.0,0.23,0.23,0.23,12,4,33.3,2.76,0.92,0.08,0.25,,65,31.1,65.0,0,0,,0,1.17,4,4,0,0.0,0.21,0,8,3,1,0,1,1,,,0,Ligue-2,60,2021-2022
Alioune Ba,fr FRA,DF,Dunkerque,31,1989,7,7,494,5.5,0,0,0,0,0,5,1,0.0,0.0,0.0,0.0,0.0,2,0,0.0,0.36,0.0,0.0,,,71,39.2,71.0,5,0,,0,1.29,3,6,-3,-0.55,-0.55,0,7,13,1,0,2,2,,,0,Ligue-2,60,2021-2022
Allan Linguet,fr FRA,DF,Valenciennes,22,1999,1,1,90,1.0,0,0,0,0,0,0,0,0.0,0.0,0.0,0.0,0.0,0,0,,0.0,0.0,,,,90,7.1,90.0,1,0,,3,0.0,0,1,-1,-1.0,-0.31,0,0,4,0,0,0,1,,,0,Ligue-2,60,2021-2022
Aloys Fouda,cm CMR,DF,Caen,21,2000,8,6,533,5.9,0,0,0,0,0,0,0,0.0,0.0,0.0,0.0,0.0,2,0,0.0,0.34,0.0,0.0,,,67,42.3,83.0,5,2,19.0,3,1.38,10,6,4,0.68,1.17,0,4,9,0,13,6,5,,,0,Ligue-2,60,2021-2022
Aly Abeid,mr MTN,"DF,MF",Valenciennes,23,1997,9,7,555,6.2,0,0,0,0,0,1,0,0.0,0.0,0.0,0.0,0.0,2,0,0.0,0.32,0.0,0.0,,,62,44.0,76.0,4,2,11.0,4,1.44,6,8,-2,-0.32,0.7,0,5,3,0,4,10,5,,,0,Ligue-2,60,2021-2022
Aly Ndom,fr FRA,MF,Auxerre,25,1996,10,2,266,3.0,1,0,1,0,0,1,0,0.34,0.0,0.34,0.34,0.34,2,1,50.0,0.68,0.34,0.5,1.0,,27,21.1,69.0,0,8,16.0,1,2.0,6,2,4,1.35,1.08,0,6,5,0,1,4,2,,,0,Ligue-2,60,2021-2022
Amadou Ciss,sn SEN,MF,Amiens,22,1999,6,2,250,2.8,0,1,0,0,0,0,0,0.0,0.36,0.36,0.0,0.36,0,0,,0.0,0.0,,,,42,19.8,76.0,0,4,25.0,0,0.83,2,3,-1,-0.36,-0.27,0,3,3,0,5,0,3,,,0,Ligue-2,60,2021-2022
Amine Adli,fr FRA,MF,Toulouse,21,2000,1,1,89,1.0,0,0,0,0,0,0,1,0.0,0.0,0.0,0.0,0.0,2,0,0.0,2.02,0.0,0.0,,,89,7.1,89.0,0,0,,0,1.0,2,2,0,0.0,-1.46,0,2,4,0,4,0,0,,,0,Ligue-2,60,2021-2022
Amine Talal,ma MAR,MF,Bastia,25,1996,6,6,454,5.0,0,0,0,0,0,0,0,0.0,0.0,0.0,0.0,0.0,9,4,44.4,1.78,0.79,0.0,0.0,,76,36.0,76.0,2,0,,0,0.83,4,5,-1,-0.2,0.25,0,8,18,0,9,2,4,,,0,Ligue-2,60,2021-2022
Amir Richardson,fr FRA,MF,Le Havre,19,2002,13,12,1071,11.9,0,0,0,0,0,3,0,0.0,0.0,0.0,0.0,0.0,7,1,14.3,0.59,0.08,0.0,0.0,,82,85.0,87.0,8,1,28.0,0,1.77,13,7,6,0.5,0.5,0,25,12,0,1,16,20,,,0,Ligue-2,60,2021-2022
Amiran Sanaia,ge GEO,DF,Rodez Aveyron,32,1989,2,2,148,1.6,0,0,0,0,0,0,0,0.0,0.0,0.0,0.0,0.0,0,0,,0.0,0.0,,,,74,11.7,74.0,0,0,,4,0.5,0,2,-2,-1.22,-1.46,0,0,1,0,0,3,0,,,0,Ligue-2,60,2021-2022
Andreas Hountondji,bj BEN,"MF,FW",Caen,19,2002,10,2,320,3.6,1,0,1,0,0,0,0,0.28,0.0,0.28,0.28,0.28,13,4,30.8,3.66,1.13,0.08,0.25,,32,25.4,59.0,0,8,25.0,1,0.9,6,5,1,0.28,0.38,0,3,4,1,11,3,1,,,0,Ligue-2,60,2021-2022
Andrew Jung,fr FRA,FW,Nancy,24,1997,12,7,662,7.4,2,0,1,1,1,2,0,0.27,0.0,0.27,0.14,0.14,21,5,23.8,2.85,0.68,0.05,0.2,,55,52.5,78.0,3,5,23.0,0,0.75,5,13,-8,-1.09,-0.18,0,22,9,8,1,3,2,,,0,Ligue-2,60,2021-2022
Anthony Belmonte,fr FRA,"MF,FW",Grenoble,26,1995,10,9,755,8.4,1,0,0,1,1,2,0,0.12,0.0,0.12,0.0,0.0,8,2,25.0,0.95,0.24,0.0,0.0,,76,59.9,80.0,4,1,33.0,0,0.8,4,16,-12,-1.43,-2.86,0,10,4,1,21,9,6,,,0,Ligue-2,60,2021-2022
Anthony Gonçalves,fr FRA,MF,Caen,35,1986,7,2,215,2.4,0,1,0,0,0,1,0,0.0,0.42,0.42,0.0,0.42,2,1,50.0,0.84,0.42,0.0,0.0,,31,17.1,62.0,0,5,18.0,7,1.29,3,1,2,0.84,1.01,0,10,1,0,21,4,5,,,0,Ligue-2,60,2021-2022
Anthony Roncaglia,fr FRA,DF,Bastia,22,1999,2,0,27,0.3,0,0,0,0,0,0,0,0.0,0.0,0.0,0.0,0.0,0,0,,0.0,0.0,,,,14,2.1,,0,2,14.0,5,1.0,0,1,-1,-3.33,-3.04,0,1,1,0,0,0,1,,,0,Ligue-2,60,2021-2022
Anthony Rouault,fr FRA,DF,Toulouse,20,2001,9,9,752,8.4,1,0,1,0,0,1,0,0.12,0.0,0.12,0.12,0.12,7,2,28.6,0.84,0.24,0.14,0.5,,84,59.7,84.0,7,0,,0,2.56,19,5,14,1.68,0.79,0,9,3,0,2,11,7,,,0,Ligue-2,60,2021-2022
Antoine Batisse,fr FRA,DF,Pau FC,26,1995,12,12,1061,11.8,0,0,0,0,0,4,1,0.0,0.0,0.0,0.0,0.0,6,1,16.7,0.51,0.08,0.0,0.0,,88,84.2,88.0,11,0,,0,1.5,12,9,3,0.25,0.71,1,17,6,4,3,21,10,,,0,Ligue-2,60,2021-2022
Antoine Valerio,fr FRA,MF,Nîmes,21,1999,11,4,384,4.3,0,0,0,0,0,0,0,0.0,0.0,0.0,0.0,0.0,4,1,25.0,0.94,0.23,0.0,0.0,,35,30.5,82.0,2,7,8.0,3,1.18,5,5,0,0.0,0.31,0,6,3,0,3,6,6,,,0,Ligue-2,60,2021-2022
Antony Robic,fr FRA,"FW,MF",Bastia,35,1986,12,6,599,6.7,0,0,0,0,0,2,0,0.0,0.0,0.0,0.0,0.0,14,5,35.7,2.1,0.75,0.0,0.0,,50,47.5,74.0,2,6,26.0,0,0.75,5,5,0,0.0,0.68,0,11,13,2,22,0,2,,,0,Ligue-2,60,2021-2022
Arnaud Lusamba,fr FRA,MF,Amiens,24,1997,13,13,1125,12.5,2,1,1,1,1,1,0,0.16,0.08,0.24,0.08,0.16,10,3,30.0,0.8,0.24,0.1,0.33,,87,89.3,87.0,10,0,,0,1.0,13,14,-1,-0.08,0.59,0,13,23,0,24,13,11,,,0,Ligue-2,60,2021-2022
Arnaud Tattevin,cf CTA,"MF,FW",Paris FC,21,2000,4,2,149,1.7,1,0,1,0,0,0,0,0.6,0.0,0.6,0.6,0.6,7,5,71.4,4.23,3.02,0.14,0.2,,37,11.8,59.0,0,2,16.0,2,0.75,2,1,1,0.6,0.52,0,2,2,0,1,0,2,,,0,Ligue-2,60,2021-2022
Arouna Sangante,sn SEN,DF,Le Havre,19,2002,13,6,574,6.4,0,0,0,0,0,1,0,0.0,0.0,0.0,0.0,0.0,1,1,100.0,0.16,0.16,0.0,0.0,,44,45.6,90.0,6,7,5.0,1,1.85,5,3,2,0.31,-0.21,0,9,5,0,0,8,3,,,0,Ligue-2,60,2021-2022
Aurélien Scheidler,fr FRA,FW,Dijon,23,1998,14,6,709,7.9,4,0,4,0,0,2,0,0.51,0.0,0.51,0.51,0.51,24,10,41.7,3.05,1.27,0.17,0.4,,51,56.3,78.0,3,8,30.0,0,1.14,8,12,-4,-0.51,-0.18,0,22,14,5,2,2,3,,,0,Ligue-2,60,2021-2022
Axel Guessand,fr FRA,DF,Nancy,16,2004,2,2,145,1.6,0,0,0,0,0,0,0,0.0,0.0,0.0,0.0,0.0,0,0,,0.0,0.0,,,,73,11.5,73.0,1,0,,2,0.5,0,2,-2,-1.24,-0.27,0,0,1,0,0,1,1,,,0,Ligue-2,60,2021-2022
Axel Maraval,fr FRA,GK,Dunkerque,28,1993,9,8,721,8.0,0,0,0,0,0,2,0,0.0,0.0,0.0,0.0,0.0,0,0,,0.0,0.0,,,,80,57.2,90.0,8,1,1.0,5,1.0,7,11,-4,-0.5,-0.67,0,0,1,0,0,0,0,,,0,Ligue-2,60,2021-2022
Aymen Boutoutaou,fr FRA,"FW,MF",Valenciennes,20,2001,6,5,344,3.8,0,0,0,0,0,0,0,0.0,0.0,0.0,0.0,0.0,8,2,25.0,2.09,0.52,0.0,0.0,,57,27.3,66.0,0,1,16.0,0,0.83,1,3,-2,-0.52,0.26,0,5,12,0,5,2,5,,,0,Ligue-2,60,2021-2022
Bafodé Diakité,fr FRA,DF,Toulouse,20,2001,5,5,450,5.0,1,0,1,0,0,1,0,0.2,0.0,0.2,0.2,0.2,3,1,33.3,0.6,0.2,0.33,1.0,,90,35.7,90.0,5,0,,2,1.2,12,7,5,1.0,-0.56,0,9,2,0,0,5,5,,,1,Ligue-2,60,2021-2022
Baptiste Guillaume,be BEL,FW,Valenciennes,26,1995,10,10,752,8.4,2,1,2,0,0,1,0,0.24,0.12,0.36,0.24,0.36,15,4,26.7,1.8,0.48,0.13,0.5,,75,59.7,75.0,7,0,,0,1.2,7,12,-5,-0.6,0.29,0,16,17,6,1,2,3,,,0,Ligue-2,60,2021-2022
Baptiste Reynet,fr FRA,GK,Dijon,31,1990,14,14,1260,14.0,0,0,0,0,0,0,0,0.0,0.0,0.0,0.0,0.0,0,0,,0.0,0.0,,,,90,100.0,90.0,14,0,,0,1.14,14,20,-6,-0.43,,0,0,2,0,0,2,0,,,0,Ligue-2,60,2021-2022
Baptiste Roux,fr FRA,"DF,MF",Guingamp,21,1999,13,11,1034,11.5,0,0,0,0,0,2,0,0.0,0.0,0.0,0.0,0.0,6,2,33.3,0.52,0.17,0.0,0.0,,80,82.1,88.0,10,2,31.0,1,1.15,13,15,-2,-0.17,-0.57,0,14,1,1,1,18,15,,,0,Ligue-2,60,2021-2022
Baptiste Valette,fr FRA,GK,Nancy,29,1992,3,3,270,3.0,0,0,0,0,0,0,0,0.0,0.0,0.0,0.0,0.0,0,0,,0.0,0.0,,,,90,21.4,90.0,3,0,,11,0.67,3,4,-1,-0.33,0.85,0,0,2,0,0,0,0,,,0,Ligue-2,60,2021-2022
Bart Straalman,nl NED,DF,Grenoble,25,1996,1,1,42,0.5,0,0,0,0,0,0,0,0.0,0.0,0.0,0.0,0.0,0,0,,0.0,0.0,,,,42,3.3,42.0,0,0,,0,0.0,0,1,-1,-2.14,-1.92,0,0,0,0,0,0,0,,,0,Ligue-2,60,2021-2022
Benjamin Jeannot,fr FRA,"MF,FW",Caen,29,1992,8,3,253,2.8,0,0,0,0,0,0,0,0.0,0.0,0.0,0.0,0.0,3,1,33.3,1.07,0.36,0.0,0.0,,32,20.1,55.0,1,5,17.0,0,1.25,2,2,0,0.0,0.0,0,7,3,1,2,1,1,,,0,Ligue-2,60,2021-2022
Benjamin Leroy,fr FRA,GK,Ajaccio,32,1989,12,12,1080,12.0,0,0,0,0,0,1,0,0.0,0.0,0.0,0.0,0.0,0,0,,0.0,0.0,,,,90,85.7,90.0,12,0,,0,1.75,13,7,6,0.5,-0.5,0,1,1,0,0,1,0,,,0,Ligue-2,60,2021-2022
Benjamin Santelli,fr FRA,"FW,MF",Bastia,29,1991,13,12,985,10.9,4,1,3,1,1,2,0,0.37,0.09,0.46,0.27,0.37,20,8,40.0,1.83,0.73,0.15,0.38,,76,78.2,80.0,6,1,24.0,0,0.85,8,11,-3,-0.27,0.38,0,19,9,13,27,8,4,,,0,Ligue-2,60,2021-2022
Bevic Moussiti-Oko,cg CGO,FW,Ajaccio,26,1995,7,5,410,4.6,2,1,2,0,0,1,0,0.44,0.22,0.66,0.44,0.66,10,4,40.0,2.2,0.88,0.2,0.5,,59,32.5,72.0,1,2,25.0,0,2.0,9,5,4,0.88,0.45,0,7,9,0,5,0,2,,,0,Ligue-2,60,2021-2022
Bilal Boutobba,fr FRA,MF,Niort,23,1998,14,13,1149,12.8,3,5,3,0,0,1,0,0.23,0.39,0.63,0.23,0.63,18,10,55.6,1.41,0.78,0.17,0.3,,82,91.2,87.0,8,1,14.0,0,1.5,15,12,3,0.23,1.05,0,12,22,3,46,11,10,,,0,Ligue-2,60,2021-2022
Bilal Brahimi,fr FRA,"MF,DF",Dunkerque,21,2000,12,10,897,10.0,2,1,2,0,0,3,0,0.2,0.1,0.3,0.2,0.3,8,3,37.5,0.8,0.3,0.25,0.67,,75,71.2,85.0,7,2,22.0,1,1.08,9,11,-2,-0.2,0.05,0,9,20,0,31,8,9,,,0,Ligue-2,60,2021-2022
Billy Ketkeophomphone,fr FRA,FW,Dunkerque,31,1990,3,1,119,1.3,0,0,0,0,0,0,0,0.0,0.0,0.0,0.0,0.0,9,2,22.2,6.81,1.51,0.0,0.0,,40,9.4,68.0,0,2,26.0,1,0.33,0,1,-1,-0.76,-0.6,0,1,3,1,8,0,0,,,0,Ligue-2,60,2021-2022
Birama Touré,ml MLI,MF,Auxerre,29,1992,12,12,1046,11.6,1,0,1,0,0,2,1,0.09,0.0,0.09,0.09,0.09,8,2,25.0,0.69,0.17,0.13,0.5,,87,83.0,87.0,11,0,,0,1.92,19,12,7,0.6,0.6,0,18,17,0,4,24,19,,,0,Ligue-2,60,2021-2022
Bohui Zabou,fr FRA,"FW,MF",Quevilly-Rouen,25,1996,12,4,527,5.9,0,1,0,0,0,1,0,0.0,0.17,0.17,0.0,0.17,11,4,36.4,1.88,0.68,0.0,0.0,,44,41.8,89.0,2,8,22.0,1,1.0,4,9,-5,-0.85,-0.73,0,11,11,4,9,6,8,,,0,Ligue-2,60,2021-2022
Bradley Danger,fr FRA,MF,Rodez Aveyron,23,1998,13,13,1136,12.6,1,0,1,0,0,1,0,0.08,0.0,0.08,0.08,0.08,8,4,50.0,0.63,0.32,0.13,0.25,,87,90.2,87.0,10,0,,0,1.46,15,11,4,0.32,2.49,0,19,23,0,6,18,20,,,0,Ligue-2,60,2021-2022
Bradley M'Bondo,fr FRA,"DF,MF",Niort,20,2001,9,8,701,7.8,0,0,0,0,0,0,0,0.0,0.0,0.0,0.0,0.0,3,0,0.0,0.39,0.0,0.0,,,78,55.6,82.0,6,1,49.0,2,1.89,9,2,7,0.9,1.7,0,6,5,0,3,9,11,,,0,Ligue-2,60,2021-2022
Brahim Traoré,fr FRA,MF,Caen,17,2004,3,1,74,0.8,0,0,0,0,0,0,0,0.0,0.0,0.0,0.0,0.0,0,0,,0.0,0.0,,,,25,5.9,45.0,0,2,15.0,8,0.33,2,2,0,0.0,0.0,0,0,2,0,0,2,0,,,0,Ligue-2,60,2021-2022
Brahima Doukansy,fr FRA,MF,Niort,22,1999,9,7,509,5.7,0,0,0,0,0,0,0,0.0,0.0,0.0,0.0,0.0,1,0,0.0,0.18,0.0,0.0,,,57,40.4,70.0,1,2,9.0,5,2.0,9,3,6,1.06,1.54,0,9,8,0,0,4,6,,,0,Ligue-2,60,2021-2022
Branco van den Boomen,nl NED,MF,Toulouse,26,1995,14,14,1232,13.7,4,8,1,3,3,3,0,0.29,0.58,0.88,0.07,0.66,17,8,47.1,1.24,0.58,0.06,0.13,,88,97.8,88.0,12,0,,0,2.07,31,12,19,1.39,1.39,0,18,10,0,117,10,20,,,0,Ligue-2,60,2021-2022
Brecht Dejaegere,be BEL,MF,Toulouse,30,1991,13,13,981,10.9,2,3,2,0,0,3,0,0.18,0.28,0.46,0.18,0.46,14,4,28.6,1.28,0.37,0.14,0.5,,75,77.9,75.0,4,0,,0,2.0,22,10,12,1.1,-1.16,0,24,23,2,18,14,8,,,0,Ligue-2,60,2021-2022
Brice Maubleu,fr FRA,GK,Grenoble,31,1989,14,14,1260,14.0,0,0,0,0,0,0,0,0.0,0.0,0.0,0.0,0.0,0,0,,0.0,0.0,,,,90,100.0,90.0,14,0,,0,1.29,14,18,-4,-0.29,,0,0,4,0,0,1,0,,,0,Ligue-2,60,2021-2022
Bridge Ndilu,fr FRA,FW,Quevilly-Rouen,21,2000,8,2,284,3.2,0,0,0,0,0,0,0,0.0,0.0,0.0,0.0,0.0,7,1,14.3,2.22,0.32,0.0,0.0,,36,22.5,90.0,2,6,17.0,0,1.13,3,5,-2,-0.63,-0.26,0,7,3,5,10,0,1,,,0,Ligue-2,60,2021-2022
Bruno Ecuele Manga,ga GAB,DF,Dijon,33,1988,5,5,450,5.0,0,0,0,0,0,1,0,0.0,0.0,0.0,0.0,0.0,0,0,,0.0,0.0,,,,90,35.7,90.0,5,0,,2,1.8,6,6,0,0.0,0.67,0,3,6,1,0,3,6,,,0,Ligue-2,60,2021-2022
Bryan Passi,fr FRA,DF,Niort,24,1997,11,11,990,11.0,1,0,1,0,0,2,0,0.09,0.0,0.09,0.09,0.09,5,3,60.0,0.45,0.27,0.2,0.33,,90,78.6,90.0,11,0,,0,1.55,13,11,2,0.18,0.18,0,4,13,0,1,18,7,,,0,Ligue-2,60,2021-2022
Bryan Soumaré,fr FRA,MF,Dijon,22,1999,6,6,409,4.5,0,1,0,0,0,0,0,0.0,0.22,0.22,0.0,0.22,4,3,75.0,0.88,0.66,0.0,0.0,,68,32.5,68.0,1,0,,0,0.17,3,8,-5,-1.1,-0.99,0,1,9,0,20,1,2,,,0,Ligue-2,60,2021-2022
Caleb Zady Sery,ci CIV,MF,Caen,21,1999,12,11,977,10.9,0,0,0,0,0,1,0,0.0,0.0,0.0,0.0,0.0,18,3,16.7,1.66,0.28,0.0,0.0,,81,77.5,85.0,6,1,45.0,0,1.08,13,13,0,0.0,0.0,0,12,22,0,12,5,5,,,0,Ligue-2,60,2021-2022
Carlens Arcus,ht HAI,DF,Auxerre,25,1996,9,6,544,6.0,0,0,0,0,0,1,0,0.0,0.0,0.0,0.0,0.0,3,0,0.0,0.5,0.0,0.0,,,60,43.2,86.0,5,3,9.0,4,1.89,12,6,6,0.99,0.87,0,6,4,0,26,13,7,,,0,Ligue-2,60,2021-2022
Chadrac Akolo,cd COD,"MF,FW",Amiens,26,1995,12,8,664,7.4,1,0,1,0,0,0,0,0.14,0.0,0.14,0.14,0.14,11,6,54.5,1.49,0.81,0.09,0.17,,55,52.7,73.0,1,4,21.0,0,0.83,8,10,-2,-0.27,-0.27,0,8,11,2,9,6,1,,,0,Ligue-2,60,2021-2022
Chaker Alhadhur,km COM,"DF,MF",Ajaccio,29,1991,1,0,4,0.0,0,0,0,0,0,0,0,0.0,0.0,0.0,0.0,0.0,0,0,,0.0,0.0,,,,4,0.3,,0,1,4.0,2,3.0,0,0,0,0.0,-0.57,0,0,0,0,0,0,0,,,0,Ligue-2,60,2021-2022
Chaouki Ben Saada,tn TUN,"FW,MF",Bastia,37,1984,7,0,101,1.1,0,0,0,0,0,0,0,0.0,0.0,0.0,0.0,0.0,1,0,0.0,0.89,0.0,0.0,,,14,8.0,,0,7,14.0,2,0.71,1,3,-2,-1.78,-1.55,0,4,3,0,1,1,1,,,0,Ligue-2,60,2021-2022
Charbel Gomez,bj BEN,FW,Amiens,20,2001,5,0,112,1.2,0,0,0,0,0,0,0,0.0,0.0,0.0,0.0,0.0,5,0,0.0,4.02,0.0,0.0,,,22,8.9,,0,5,22.0,2,0.8,0,1,-1,-0.8,-0.73,0,1,0,0,7,1,3,,,0,Ligue-2,60,2021-2022
Charles Abi,fr FRA,FW,Guingamp,21,2000,5,3,207,2.3,1,0,1,0,0,1,0,0.43,0.0,0.43,0.43,0.43,2,1,50.0,0.87,0.43,0.5,1.0,,41,16.4,60.0,0,2,14.0,0,1.4,3,3,0,0.0,0.09,0,9,3,2,0,0,2,,,0,Ligue-2,60,2021-2022
Charles Pickel,ch SUI,MF,Grenoble,24,1997,3,3,270,3.0,1,0,1,0,0,1,0,0.33,0.0,0.33,0.33,0.33,2,1,50.0,0.67,0.33,0.5,1.0,,90,21.4,90.0,3,0,,0,1.33,2,1,1,0.33,0.79,0,5,2,0,0,2,2,,,0,Ligue-2,60,2021-2022
Cheick Traoré,ml MLI,"DF,MF",Dijon,26,1995,10,9,790,8.8,0,0,0,0,0,4,1,0.0,0.0,0.0,0.0,0.0,1,0,0.0,0.11,0.0,0.0,,,79,62.7,83.0,8,1,45.0,1,1.2,11,13,-2,-0.23,0.54,0,23,9,0,25,7,11,,,0,Ligue-2,60,2021-2022
Christophe Diedhiou,sn SEN,DF,Sochaux,33,1988,6,1,99,1.1,0,0,0,0,0,0,0,0.0,0.0,0.0,0.0,0.0,0,0,,0.0,0.0,,,,17,7.9,90.0,1,5,2.0,4,2.33,2,1,1,0.91,0.44,0,0,2,0,0,0,1,,,0,Ligue-2,60,2021-2022
Christophe Vincent,fr FRA,MF,Bastia,28,1992,14,13,1120,12.4,0,1,0,0,0,3,0,0.0,0.08,0.08,0.0,0.08,9,4,44.4,0.72,0.32,0.0,0.0,,80,88.9,84.0,9,1,23.0,0,0.86,7,13,-6,-0.48,-1.12,0,18,15,6,12,8,11,,,0,Ligue-2,60,2021-2022
Christopher Rocchia,fr FRA,"DF,MF",Dijon,23,1998,12,7,711,7.9,0,1,0,0,0,2,0,0.0,0.13,0.13,0.0,0.13,3,1,33.3,0.38,0.13,0.0,0.0,,59,56.4,86.0,6,5,22.0,0,1.33,9,14,-5,-0.63,-0.47,0,15,20,3,33,10,6,,,0,Ligue-2,60,2021-2022
Clément Depres,fr FRA,FW,Rodez Aveyron,26,1994,11,10,806,9.0,3,0,3,0,0,3,0,0.33,0.0,0.33,0.33,0.33,18,12,66.7,2.01,1.34,0.17,0.25,,73,64.0,78.0,4,1,27.0,0,1.18,11,12,-1,-0.11,-0.51,0,16,11,3,1,1,1,,,0,Ligue-2,60,2021-2022
Clément Vidal,fr FRA,DF,Ajaccio,21,2000,10,5,427,4.7,0,0,0,0,0,3,1,0.0,0.0,0.0,0.0,0.0,3,2,66.7,0.63,0.42,0.0,0.0,,43,33.9,79.0,4,5,6.0,2,1.5,5,2,3,0.63,0.09,1,5,3,0,5,6,5,,,0,Ligue-2,60,2021-2022
Cyril Mandouki,mq MTQ,MF,Paris FC,30,1991,9,9,735,8.2,0,0,0,0,0,0,0,0.0,0.0,0.0,0.0,0.0,6,3,50.0,0.73,0.37,0.0,0.0,,82,58.3,82.0,8,0,,0,1.78,10,7,3,0.37,0.54,0,14,7,1,4,13,7,,,0,Ligue-2,60,2021-2022
Cyrille Bayala,bf BFA,MF,Ajaccio,25,1996,6,6,383,4.3,0,2,0,0,0,0,0,0.0,0.47,0.47,0.0,0.47,7,2,28.6,1.64,0.47,0.0,0.0,,64,30.4,64.0,1,0,,0,1.83,6,2,4,0.94,0.53,0,11,1,2,9,2,3,,,0,Ligue-2,60,2021-2022
Cédric Avinel,gp GLP,DF,Ajaccio,35,1986,12,10,954,10.6,0,0,0,0,0,2,0,0.0,0.0,0.0,0.0,0.0,1,0,0.0,0.09,0.0,0.0,,,80,75.7,90.0,10,2,27.0,2,1.83,12,7,5,0.47,-0.41,0,6,5,0,0,8,2,,,0,Ligue-2,60,2021-2022
Damon Bansais,fr FRA,DF,Quevilly-Rouen,27,1994,13,12,1054,11.7,0,1,0,0,0,5,0,0.0,0.09,0.09,0.0,0.09,3,1,33.3,0.26,0.09,0.0,0.0,,81,83.7,86.0,10,1,23.0,0,1.23,12,16,-4,-0.34,0.53,0,27,22,0,12,21,14,,,0,Ligue-2,60,2021-2022
Daniel Congré,fr FRA,DF,Dijon,36,1985,13,13,1170,13.0,0,0,0,0,0,2,0,0.0,0.0,0.0,0.0,0.0,10,2,20.0,0.77,0.15,0.0,0.0,,90,92.9,90.0,13,0,,0,1.23,13,17,-4,-0.31,1.69,0,10,11,0,0,20,20,,,0,Ligue-2,60,2021-2022
Darlin Yongwa,cm CMR,DF,Niort,21,2000,13,13,1143,12.7,0,0,0,0,0,4,1,0.0,0.0,0.0,0.0,0.0,9,1,11.1,0.71,0.08,0.0,0.0,,88,90.7,88.0,12,0,,0,1.38,13,12,1,0.08,-0.69,1,23,26,1,22,27,17,,,0,Ligue-2,60,2021-2022
David Gomis,gw GNB,MF,Pau FC,28,1992,14,7,655,7.3,1,0,1,0,0,1,0,0.14,0.0,0.14,0.14,0.14,11,2,18.2,1.51,0.27,0.09,0.5,,47,52.0,68.0,0,7,26.0,0,1.5,8,6,2,0.27,0.27,0,5,9,3,4,5,5,,,0,Ligue-2,60,2021-2022
David Henen,tg TOG,"MF,FW",Grenoble,25,1996,10,5,459,5.1,1,1,1,0,0,1,0,0.2,0.2,0.39,0.2,0.39,10,3,30.0,1.96,0.59,0.1,0.33,,46,36.4,76.0,1,5,16.0,2,1.6,5,7,-2,-0.39,-0.17,0,4,6,1,6,1,0,,,0,Ligue-2,60,2021-2022
Demba Thiam,fr FRA,"DF,MF",Dunkerque,31,1989,13,12,1090,12.1,0,2,0,0,0,1,0,0.0,0.17,0.17,0.0,0.17,2,0,0.0,0.17,0.0,0.0,,,84,86.5,90.0,12,1,10.0,0,1.0,11,15,-4,-0.33,-0.86,0,9,23,0,36,20,8,,,0,Ligue-2,60,2021-2022
Denis Genreau,au AUS,MF,Toulouse,22,1999,11,6,524,5.8,0,3,0,0,0,1,0,0.0,0.52,0.52,0.0,0.52,8,1,12.5,1.37,0.17,0.0,0.0,,48,41.6,72.0,2,5,19.0,0,2.0,15,8,7,1.2,-0.27,0,16,4,1,13,4,10,,,0,Ligue-2,60,2021-2022
Dimitri Boudaud,fr FRA,MF,Dunkerque,34,1987,3,0,31,0.3,0,0,0,0,0,0,0,0.0,0.0,0.0,0.0,0.0,0,0,,0.0,0.0,,,,10,2.5,,0,3,10.0,3,0.67,0,0,0,0.0,0.22,0,1,1,0,2,0,1,,,0,Ligue-2,60,2021-2022
Djibril Dianessy,fr FRA,MF,Pau FC,25,1996,7,2,230,2.6,1,0,1,0,0,0,0,0.39,0.0,0.39,0.39,0.39,7,4,57.1,2.74,1.57,0.14,0.25,,33,18.3,66.0,0,5,20.0,5,1.14,2,2,0,0.0,-0.17,0,4,2,3,12,3,3,,,0,Ligue-2,60,2021-2022
Donovan Léon,gf GUF,GK,Auxerre,29,1992,14,14,1260,14.0,0,0,0,0,0,1,0,0.0,0.0,0.0,0.0,0.0,0,0,,0.0,0.0,,,,90,100.0,90.0,14,0,,0,1.86,21,14,7,0.5,,0,1,4,0,0,1,2,,,0,Ligue-2,60,2021-2022
Dorian Bertrand,fr FRA,MF,Nancy,28,1993,6,2,192,2.1,0,0,0,0,0,1,0,0.0,0.0,0.0,0.0,0.0,3,1,33.3,1.41,0.47,0.0,0.0,,32,15.2,69.0,0,4,14.0,1,0.83,1,2,-1,-0.47,0.63,0,3,6,0,6,4,1,,,0,Ligue-2,60,2021-2022
Doumé Guidi,fr FRA,DF,Bastia,25,1996,5,4,391,4.3,0,0,0,0,0,0,1,0.0,0.0,0.0,0.0,0.0,5,0,0.0,1.15,0.0,0.0,,,78,31.0,90.0,4,1,31.0,6,0.4,1,3,-2,-0.46,-0.15,0,3,5,0,0,4,4,,,0,Ligue-2,60,2021-2022
Driss Trichard,fr FRA,"MF,DF",Dunkerque,26,1995,8,6,582,6.5,0,0,0,0,0,0,0,0.0,0.0,0.0,0.0,0.0,0,0,,0.0,0.0,,,,73,46.2,90.0,6,2,21.0,2,1.75,9,7,2,0.31,0.97,0,12,8,0,20,9,10,,,0,Ligue-2,60,2021-2022
Duckens Nazon,ht HAI,FW,Quevilly-Rouen,27,1994,8,7,568,6.3,3,0,3,0,0,4,0,0.48,0.0,0.48,0.48,0.48,28,5,17.9,4.44,0.79,0.11,0.6,,71,45.1,81.0,3,1,1.0,0,1.5,6,10,-4,-0.63,-0.37,0,15,10,8,4,1,1,,,0,Ligue-2,60,2021-2022
Dylan G'Beuly,fr FRA,FW,Quevilly-Rouen,20,2000,1,0,4,0.0,0,0,0,0,0,0,0,0.0,0.0,0.0,0.0,0.0,0,0,,0.0,0.0,,,,4,0.3,,0,1,4.0,1,0.0,0,0,0,0.0,0.43,0,0,0,0,0,0,0,,,0,Ligue-2,60,2021-2022
Dylan Louiserre,fr FRA,MF,Niort,26,1995,14,13,1179,13.1,1,2,1,0,0,3,0,0.08,0.15,0.23,0.08,0.23,15,5,33.3,1.15,0.38,0.07,0.2,,84,93.6,90.0,12,1,13.0,0,1.5,15,13,2,0.15,0.15,0,14,22,0,3,14,16,,,0,Ligue-2,60,2021-2022
Désiré Segbé Azankpo,bj BEN,"FW,MF",Dunkerque,28,1993,11,8,683,7.6,1,0,1,0,0,0,0,0.13,0.0,0.13,0.13,0.13,17,6,35.3,2.24,0.79,0.06,0.17,,62,54.2,78.0,3,3,20.0,1,1.09,7,8,-1,-0.13,0.18,0,19,3,2,13,1,3,,,0,Ligue-2,60,2021-2022
Ebenezer Assifuah,gh GHA,FW,Pau FC,28,1993,14,7,645,7.2,4,0,4,0,0,1,0,0.56,0.0,0.56,0.56,0.56,26,10,38.5,3.63,1.4,0.15,0.4,,46,51.2,69.0,0,7,23.0,0,1.5,8,7,1,0.14,-0.01,0,24,21,9,12,3,8,,,0,Ligue-2,60,2021-2022
Eddy Gnahoré,fr FRA,MF,Amiens,27,1993,2,0,20,0.2,0,0,0,0,0,0,0,0.0,0.0,0.0,0.0,0.0,1,0,0.0,4.5,0.0,0.0,,,10,1.6,,0,2,10.0,0,2.0,0,0,0,0.0,0.15,0,1,0,0,0,0,2,,,0,Ligue-2,60,2021-2022
Eddy Sylvestre,fr FRA,MF,Pau FC,22,1999,12,3,287,3.2,0,0,0,0,0,2,0,0.0,0.0,0.0,0.0,0.0,5,1,20.0,1.57,0.31,0.0,0.0,,24,22.8,59.0,0,9,12.0,1,1.67,4,1,3,0.94,1.03,0,11,6,0,9,3,7,,,0,Ligue-2,60,2021-2022
El-Hadji Ba,fr FRA,MF,Guingamp,28,1993,7,4,360,4.0,1,0,1,0,0,0,0,0.25,0.0,0.25,0.25,0.25,3,1,33.3,0.75,0.25,0.33,1.0,,51,28.6,77.0,0,3,18.0,3,1.57,5,4,1,0.25,0.45,0,11,10,0,0,5,11,,,0,Ligue-2,60,2021-2022
Elies Mahmoud,fr FRA,FW,Le Havre,20,2001,1,0,14,0.2,0,0,0,0,0,0,0,0.0,0.0,0.0,0.0,0.0,0,0,,0.0,0.0,,,,14,1.1,,0,1,14.0,2,0.0,0,0,0,0.0,-0.43,0,0,0,0,3,0,0,,,0,Ligue-2,60,2021-2022
Elliot Simoes,ao ANG,"MF,FW",Nancy,21,1999,7,2,197,2.2,0,0,0,0,0,0,0,0.0,0.0,0.0,0.0,0.0,2,1,50.0,0.91,0.46,0.0,0.0,,28,15.6,52.0,0,5,19.0,0,0.86,2,4,-2,-0.91,0.1,0,4,3,0,9,1,3,,,0,Ligue-2,60,2021-2022
Elías Már Ómarsson,is ISL,FW,Nîmes,26,1995,9,5,436,4.8,1,0,1,0,0,2,0,0.21,0.0,0.21,0.21,0.21,7,2,28.6,1.44,0.41,0.14,0.5,,48,34.6,67.0,1,4,25.0,0,0.89,3,4,-1,-0.21,0.01,0,8,5,2,0,0,0,,,0,Ligue-2,60,2021-2022
Emmanuel Lomotey,gh GHA,"MF,DF",Amiens,23,1997,10,9,794,8.8,0,0,0,0,0,6,1,0.0,0.0,0.0,0.0,0.0,5,0,0.0,0.57,0.0,0.0,,,79,63.0,87.0,7,1,14.0,0,1.1,13,11,2,0.23,1.0,1,14,14,0,3,16,6,,,0,Ligue-2,60,2021-2022
Emmanuel Ntim,gh GHA,DF,Valenciennes,25,1996,14,14,1234,13.7,0,0,0,0,0,2,0,0.0,0.0,0.0,0.0,0.0,9,2,22.2,0.66,0.15,0.0,0.0,,88,97.9,88.0,12,0,,0,1.07,12,21,-9,-0.66,2.81,0,16,17,0,2,30,10,,,0,Ligue-2,60,2021-2022
Enzo Basilio,fr FRA,GK,Guingamp,27,1994,14,14,1260,14.0,0,0,0,0,0,0,0,0.0,0.0,0.0,0.0,0.0,0,0,,0.0,0.0,,,,90,100.0,90.0,14,0,,0,1.29,16,17,-1,-0.07,,0,1,1,0,0,0,0,,,0,Ligue-2,60,2021-2022
Enzo Fernández,es ESP,MF,Rodez Aveyron,26,1995,10,2,224,2.5,0,0,0,0,0,0,0,0.0,0.0,0.0,0.0,0.0,3,0,0.0,1.21,0.0,0.0,,,22,17.8,64.0,0,8,12.0,2,1.0,2,3,-1,-0.4,-0.58,0,8,1,0,15,4,2,,,0,Ligue-2,60,2021-2022
Enzo Philibert,fr FRA,DF,Nîmes,19,2002,1,0,6,0.1,0,0,0,0,0,0,0,0.0,0.0,0.0,0.0,0.0,0,0,,0.0,0.0,,,,6,0.5,,0,1,6.0,8,0.0,0,0,0,0.0,0.22,0,0,0,0,0,0,0,,,0,Ligue-2,60,2021-2022
Erwan Belhadji,fr FRA,MF,Dijon,20,2001,1,1,90,1.0,0,0,0,0,0,0,0,0.0,0.0,0.0,0.0,0.0,1,0,0.0,1.0,0.0,0.0,,,90,7.1,90.0,1,0,,5,0.0,0,2,-2,-2.0,-1.69,0,0,0,0,3,1,0,,,0,Ligue-2,60,2021-2022
Erwin Koffi,fr FRA,DF,Pau FC,26,1995,13,13,1170,13.0,1,1,1,0,0,1,0,0.08,0.08,0.15,0.08,0.15,4,2,50.0,0.31,0.15,0.25,0.5,,90,92.9,90.0,13,0,,0,1.38,13,12,1,0.08,-0.92,0,8,14,1,43,12,8,,,0,Ligue-2,60,2021-2022
Evens Joseph,fr FRA,FW,Caen,22,1999,2,0,36,0.4,0,0,0,0,0,0,0,0.0,0.0,0.0,0.0,0.0,0,0,,0.0,0.0,,,,18,2.9,,0,2,18.0,1,0.5,0,0,0,0.0,0.0,0,3,1,0,2,0,2,,,0,Ligue-2,60,2021-2022
Farés Mehenni,fr FRA,FW,Nancy,19,2002,1,0,1,0.0,0,0,0,0,0,0,0,0.0,0.0,0.0,0.0,0.0,0,0,,0.0,0.0,,,,1,0.1,,0,1,1.0,1,0.0,0,1,-1,-90.0,-89.07,0,0,0,0,0,0,0,,,0,Ligue-2,60,2021-2022
Fernand Mayembo,cg CGO,DF,Le Havre,25,1996,8,8,708,7.9,0,0,0,0,0,2,0,0.0,0.0,0.0,0.0,0.0,4,1,25.0,0.51,0.13,0.0,0.0,,89,56.2,89.0,7,0,,0,1.88,9,5,4,0.51,0.18,0,5,6,0,0,15,2,,,0,Ligue-2,60,2021-2022
Florent Hanin,dz ALG,"DF,MF",Paris FC,31,1990,14,13,1142,12.7,0,0,0,0,0,0,0,0.0,0.0,0.0,0.0,0.0,6,1,16.7,0.47,0.08,0.0,0.0,,82,90.6,87.0,10,1,10.0,0,1.5,15,13,2,0.16,0.16,0,7,17,1,39,17,14,,,0,Ligue-2,60,2021-2022
Florentin Pogba,gn GUI,DF,Sochaux,31,1990,13,13,1170,13.0,0,0,0,0,0,2,0,0.0,0.0,0.0,0.0,0.0,4,0,0.0,0.31,0.0,0.0,,,90,92.9,90.0,13,0,,0,2.08,14,7,7,0.54,0.54,0,8,3,0,0,11,12,,,0,Ligue-2,60,2021-2022
Florian Chabrolle,fr FRA,MF,Ajaccio,23,1998,5,2,176,2.0,0,0,0,0,0,0,0,0.0,0.0,0.0,0.0,0.0,1,0,0.0,0.51,0.0,0.0,,,35,14.0,83.0,1,3,4.0,6,1.4,2,1,1,0.51,-0.07,0,5,4,0,0,1,3,,,0,Ligue-2,60,2021-2022
Florian David,gp GLP,FW,Rodez Aveyron,28,1992,13,6,540,6.0,2,1,2,0,0,1,0,0.33,0.17,0.5,0.33,0.5,24,11,45.8,4.0,1.83,0.08,0.18,,42,42.9,67.0,0,7,19.0,1,1.23,8,6,2,0.33,0.46,0,3,5,4,11,3,0,,,0,Ligue-2,60,2021-2022
Florian Jozefzoon,sr SUR,MF,Quevilly-Rouen,30,1991,8,7,543,6.0,0,0,0,0,0,1,0,0.0,0.0,0.0,0.0,0.0,8,4,50.0,1.33,0.66,0.0,0.0,,68,43.1,71.0,2,1,45.0,0,1.13,4,9,-5,-0.83,-0.7,0,5,4,3,20,4,5,,,0,Ligue-2,60,2021-2022
Florian Michel,fr FRA,MF,Grenoble,29,1992,8,7,536,6.0,0,0,0,0,0,0,0,0.0,0.0,0.0,0.0,0.0,10,4,40.0,1.68,0.67,0.0,0.0,,67,42.5,74.0,0,1,16.0,0,1.75,11,3,8,1.34,2.83,0,8,10,0,7,15,7,,,0,Ligue-2,60,2021-2022
Floyd Ayité,tg TOG,"FW,MF",Valenciennes,32,1988,11,8,627,7.0,0,2,0,0,0,1,0,0.0,0.29,0.29,0.0,0.29,12,3,25.0,1.72,0.43,0.0,0.0,,57,49.8,70.0,3,3,21.0,0,1.18,8,13,-5,-0.72,-0.01,0,14,19,11,14,2,3,,,0,Ligue-2,60,2021-2022
Formose Mendy,sn SEN,DF,Amiens,20,2001,10,9,804,8.9,1,0,1,0,0,0,0,0.11,0.0,0.11,0.11,0.11,4,1,25.0,0.45,0.11,0.25,1.0,,80,63.8,89.0,8,1,6.0,3,1.1,7,5,2,0.22,1.01,0,4,12,0,1,19,14,,,0,Ligue-2,60,2021-2022
Franck-Yves Bambock,fr FRA,"MF,DF",Grenoble,26,1995,8,6,593,6.6,0,0,0,0,0,1,0,0.0,0.0,0.0,0.0,0.0,1,0,0.0,0.15,0.0,0.0,,,74,47.1,90.0,5,2,28.0,0,1.75,10,6,4,0.61,1.69,0,8,14,0,0,10,6,,,0,Ligue-2,60,2021-2022
Franklin Wadja,cm CMR,MF,Caen,26,1995,11,8,730,8.1,1,0,1,0,0,2,0,0.12,0.0,0.12,0.12,0.12,9,1,11.1,1.11,0.12,0.11,1.0,,66,57.9,79.0,5,3,33.0,0,1.27,8,9,-1,-0.12,-0.29,0,13,9,0,1,13,17,,,0,Ligue-2,60,2021-2022
Frantzdy Pierrot,ht HAI,FW,Guingamp,24,1997,11,6,637,7.1,5,1,5,0,0,4,0,0.71,0.14,0.85,0.71,0.85,16,8,50.0,2.26,1.13,0.31,0.63,,58,50.6,84.0,4,5,27.0,0,1.45,11,10,1,0.14,0.43,0,16,9,6,1,1,2,,,0,Ligue-2,60,2021-2022
François-Joseph Sollacaro,fr FRA,GK,Ajaccio,27,1994,2,2,180,2.0,0,0,0,0,0,1,0,0.0,0.0,0.0,0.0,0.0,0,0,,0.0,0.0,,,,90,14.3,90.0,2,0,,10,2.33,5,1,4,2.0,1.67,0,0,0,0,0,0,0,,,0,Ligue-2,60,2021-2022
Frédéric Sammaritano,fr FRA,MF,Dijon,35,1986,8,1,159,1.8,0,0,0,0,0,0,0,0.0,0.0,0.0,0.0,0.0,5,2,40.0,2.83,1.13,0.0,0.0,,20,12.6,60.0,0,7,14.0,5,0.88,3,5,-2,-1.13,-0.81,0,1,2,1,7,0,3,,,0,Ligue-2,60,2021-2022
Gaoussou Traoré,fr FRA,MF,Amiens,21,1999,2,1,67,0.7,0,0,0,0,0,0,0,0.0,0.0,0.0,0.0,0.0,0,0,,0.0,0.0,,,,34,5.3,66.0,0,1,1.0,2,0.5,1,1,0,0.0,0.15,0,0,0,0,0,0,0,,,0,Ligue-2,60,2021-2022
Garland Gbelle,fr FRA,MF,Quevilly-Rouen,28,1992,13,12,1025,11.4,4,1,3,1,1,1,0,0.35,0.09,0.44,0.26,0.35,18,7,38.9,1.58,0.61,0.17,0.43,,79,81.3,84.0,9,1,13.0,0,1.23,12,15,-3,-0.26,0.89,0,26,10,2,10,13,9,,,0,Ligue-2,60,2021-2022
Gauthier Hein,fr FRA,"MF,FW",Auxerre,25,1996,14,14,1172,13.0,2,5,2,0,0,2,0,0.15,0.38,0.54,0.15,0.54,18,7,38.9,1.38,0.54,0.11,0.29,,84,93.0,84.0,5,0,,0,1.86,19,11,8,0.61,1.64,0,15,10,2,41,4,8,,,0,Ligue-2,60,2021-2022
Gaëtan Charbonnier,fr FRA,"FW,MF",Auxerre,32,1988,11,10,921,10.2,7,2,7,0,0,2,0,0.68,0.2,0.88,0.68,0.88,25,14,56.0,2.44,1.37,0.28,0.5,,84,73.1,89.0,9,1,28.0,0,1.55,14,11,3,0.29,-0.77,0,27,12,12,5,3,9,,,0,Ligue-2,60,2021-2022
Gaëtan Courtet,fr FRA,FW,Ajaccio,32,1989,13,13,1115,12.4,3,2,3,0,0,6,0,0.24,0.16,0.4,0.24,0.4,24,11,45.8,1.94,0.89,0.13,0.27,,86,88.5,86.0,8,0,,0,1.85,15,7,8,0.65,0.65,0,40,18,3,10,9,3,,,0,Ligue-2,60,2021-2022
Gaëtan Laura,fr FRA,FW,Paris FC,26,1995,12,9,803,8.9,3,2,3,0,0,2,1,0.34,0.22,0.56,0.34,0.56,26,14,53.8,2.91,1.57,0.12,0.21,,67,63.7,83.0,2,3,19.0,0,1.5,11,12,-1,-0.11,-0.7,0,16,8,4,20,2,6,,,0,Ligue-2,60,2021-2022
Gaëtan Paquiez,fr FRA,DF,Nîmes,27,1994,10,2,256,2.8,0,0,0,0,0,2,0,0.0,0.0,0.0,0.0,0.0,0,0,,0.0,0.0,,,,26,20.3,68.0,1,8,15.0,3,0.9,3,6,-3,-1.05,-1.05,0,6,4,0,6,1,5,,,0,Ligue-2,60,2021-2022
Gaëtan Perrin,fr FRA,"FW,MF",Auxerre,25,1996,14,10,824,9.2,2,0,2,0,0,1,0,0.22,0.0,0.22,0.22,0.22,18,7,38.9,1.97,0.76,0.11,0.29,,59,65.4,73.0,1,4,23.0,0,1.86,17,6,11,1.2,2.03,0,13,14,2,22,5,7,,,0,Ligue-2,60,2021-2022
Gaëtan Robail,fr FRA,"FW,MF",Valenciennes,27,1994,14,13,1131,12.6,4,2,4,0,0,2,0,0.32,0.16,0.48,0.32,0.48,37,15,40.5,2.94,1.19,0.11,0.27,,81,89.8,85.0,7,1,32.0,0,1.07,11,18,-7,-0.56,1.54,0,22,12,4,81,12,12,,,0,Ligue-2,60,2021-2022
Gaëtan Weissbeck,fr FRA,MF,Sochaux,24,1997,13,12,1093,12.1,2,1,2,0,0,3,0,0.16,0.08,0.25,0.16,0.25,36,16,44.4,2.96,1.32,0.06,0.13,,84,86.7,89.0,10,1,31.0,0,1.92,10,5,5,0.41,-0.67,0,22,12,1,51,13,10,,,0,Ligue-2,60,2021-2022
Gedeon Kalulu,cd COD,DF,Ajaccio,24,1997,13,10,926,10.3,0,0,0,0,0,3,0,0.0,0.0,0.0,0.0,0.0,3,1,33.3,0.29,0.1,0.0,0.0,,71,73.5,87.0,7,3,19.0,1,1.69,10,6,4,0.39,-0.69,0,11,9,1,16,16,22,,,1,Ligue-2,60,2021-2022
Giorgi Kokhreidze,ge GEO,MF,Grenoble,22,1998,1,0,15,0.2,0,0,0,0,0,0,0,0.0,0.0,0.0,0.0,0.0,0,0,,0.0,0.0,,,,15,1.2,,0,1,15.0,1,1.0,0,1,-1,-6.0,-5.78,0,1,0,0,0,0,0,,,0,Ligue-2,60,2021-2022
Giovanni Haag,fr FRA,"MF,DF",Nancy,21,2000,7,7,482,5.4,1,0,1,0,0,4,4,0.19,0.0,0.19,0.19,0.19,14,3,21.4,2.61,0.56,0.07,0.33,,69,38.3,69.0,2,0,,0,0.86,4,9,-5,-0.93,0.11,2,13,18,0,6,8,12,,,0,Ligue-2,60,2021-2022
Gregoire Lefebvre,fr FRA,MF,Nancy,27,1994,11,7,558,6.2,0,0,0,0,0,1,0,0.0,0.0,0.0,0.0,0.0,3,0,0.0,0.48,0.0,0.0,,,51,44.3,74.0,3,4,10.0,3,0.55,3,14,-11,-1.77,-1.39,0,11,13,0,11,2,9,,,0,Ligue-2,60,2021-2022
Gustavo Sangaré,bf BFA,MF,Quevilly-Rouen,24,1996,13,10,860,9.6,0,0,0,0,0,4,1,0.0,0.0,0.0,0.0,0.0,9,2,22.2,0.94,0.21,0.0,0.0,,66,68.3,80.0,5,3,19.0,0,1.23,10,11,-1,-0.1,1.02,0,21,27,1,4,23,19,,,0,Ligue-2,60,2021-2022
Guy-Marcelin Kilama,cm CMR,DF,Niort,22,1999,5,4,345,3.8,0,0,0,0,0,1,0,0.0,0.0,0.0,0.0,0.0,0,0,,0.0,0.0,,,,69,27.4,78.0,3,1,34.0,2,2.4,8,4,4,1.04,1.24,0,2,7,0,0,7,4,,,0,Ligue-2,60,2021-2022
Hady Camara,gn GUI,DF,Guingamp,19,2002,6,5,504,5.6,0,0,0,0,0,1,0,0.0,0.0,0.0,0.0,0.0,3,0,0.0,0.54,0.0,0.0,,,84,40.0,90.0,5,1,54.0,3,1.17,5,8,-3,-0.54,-0.77,0,4,4,1,0,16,4,,,0,Ligue-2,60,2021-2022
Hamza Sakhi,ma MAR,MF,Auxerre,25,1996,10,9,839,9.3,2,1,2,0,0,0,0,0.21,0.11,0.32,0.21,0.32,20,9,45.0,2.15,0.97,0.1,0.22,,84,66.6,90.0,9,1,29.0,0,1.7,13,6,7,0.75,0.75,0,11,27,0,42,7,13,,,0,Ligue-2,60,2021-2022
Harouna Sy,fr FRA,"DF,MF",Amiens,25,1996,11,10,816,9.1,0,0,0,0,0,1,0,0.0,0.0,0.0,0.0,0.0,2,0,0.0,0.22,0.0,0.0,,,74,64.8,82.0,6,1,1.0,1,1.0,7,9,-2,-0.22,-0.22,0,9,11,1,25,18,10,,,0,Ligue-2,60,2021-2022
Harouna Sy,fr FRA,DF,Dunkerque,25,1996,1,1,90,1.0,0,1,0,0,0,1,0,0.0,1.0,1.0,0.0,1.0,1,1,100.0,1.0,1.0,0.0,0.0,,90,7.1,90.0,1,0,,0,1.0,1,1,0,0.0,0.23,0,2,5,0,1,0,0,,,0,Ligue-2,60,2021-2022
Hatim Far,fr FRA,MF,Rodez Aveyron,19,2002,1,0,10,0.1,0,0,0,0,0,0,0,0.0,0.0,0.0,0.0,0.0,0,0,,0.0,0.0,,,,10,0.8,,0,1,10.0,1,3.0,0,0,0,0.0,-0.07,0,0,0,0,0,0,0,,,0,Ligue-2,60,2021-2022
Hermann Tebily,fr FRA,FW,Sochaux,19,2002,9,2,184,2.0,0,0,0,0,0,1,0,0.0,0.0,0.0,0.0,0.0,4,0,0.0,1.96,0.0,0.0,,,20,14.6,53.0,0,7,11.0,4,2.11,3,2,1,0.49,-0.01,0,9,2,4,5,1,2,,,0,Ligue-2,60,2021-2022
Himad Abdelli,fr FRA,MF,Le Havre,21,1999,2,0,30,0.3,0,0,0,0,0,0,0,0.0,0.0,0.0,0.0,0.0,0,0,,0.0,0.0,,,,15,2.4,,0,2,15.0,4,1.5,0,0,0,0.0,-0.44,0,2,3,0,0,1,0,,,0,Ligue-2,60,2021-2022
Ibrahim Cissé,sn SEN,DF,Caen,25,1996,4,3,229,2.5,0,0,0,0,0,0,0,0.0,0.0,0.0,0.0,0.0,0,0,,0.0,0.0,,,,57,18.2,69.0,1,1,21.0,0,0.25,0,3,-3,-1.18,-1.44,0,0,1,0,0,6,1,,,0,Ligue-2,60,2021-2022
Ibrahim Cissé,sn SEN,DF,Dunkerque,25,1996,2,2,180,2.0,0,0,0,0,0,0,0,0.0,0.0,0.0,0.0,0.0,0,0,,0.0,0.0,,,,90,14.3,90.0,2,0,,1,0.5,2,3,-1,-0.5,-0.33,0,2,5,0,1,5,0,,,0,Ligue-2,60,2021-2022
Ibrahim Sissoko,ml MLI,FW,Niort,25,1995,4,1,113,1.3,1,0,1,0,0,1,0,0.8,0.0,0.8,0.8,0.8,3,2,66.7,2.39,1.59,0.33,0.5,,28,9.0,59.0,0,3,18.0,0,1.75,2,2,0,0.0,-0.16,0,2,2,1,0,0,2,,,0,Ligue-2,60,2021-2022
Ibrahima Conté,gn GUI,DF,Niort,25,1996,12,12,1080,12.0,0,0,0,0,0,1,0,0.0,0.0,0.0,0.0,0.0,3,0,0.0,0.25,0.0,0.0,,,90,85.7,90.0,12,0,,2,1.25,10,12,-2,-0.17,-2.17,0,9,6,0,0,16,5,,,1,Ligue-2,60,2021-2022
Idriss Saadi,dz ALG,FW,Bastia,29,1992,10,5,380,4.2,1,0,1,0,0,0,0,0.24,0.0,0.24,0.24,0.24,4,1,25.0,0.95,0.24,0.25,1.0,,38,30.2,55.0,0,5,21.0,0,1.1,1,4,-3,-0.71,-0.51,0,7,1,4,0,0,0,,,0,Ligue-2,60,2021-2022
Ilyes Hamache,fr FRA,"MF,FW",Valenciennes,18,2003,5,2,212,2.4,1,0,1,0,0,1,0,0.42,0.0,0.42,0.42,0.42,6,4,66.7,2.55,1.7,0.17,0.25,,42,16.8,77.0,1,3,20.0,5,1.8,2,5,-3,-1.27,-0.67,0,4,1,2,4,4,4,,,0,Ligue-2,60,2021-2022
Ilyes Najim,fr FRA,MF,Caen,19,2002,1,1,15,0.2,0,0,0,0,0,0,0,0.0,0.0,0.0,0.0,0.0,2,0,0.0,12.0,0.0,0.0,,,15,1.2,15.0,0,0,,0,3.0,0,0,0,0.0,0.0,0,0,1,0,0,0,0,,,0,Ligue-2,60,2021-2022
Iron Gomis,fr FRA,MF,Amiens,21,1999,12,5,459,5.1,0,0,0,0,0,1,0,0.0,0.0,0.0,0.0,0.0,2,0,0.0,0.39,0.0,0.0,,,38,36.4,67.0,0,7,17.0,0,0.75,3,9,-6,-1.18,-1.63,0,10,17,0,7,3,4,,,0,Ligue-2,60,2021-2022
Ismael Aaneba,fr FRA,DF,Sochaux,22,1999,14,14,1260,14.0,0,0,0,0,0,1,0,0.0,0.0,0.0,0.0,0.0,1,0,0.0,0.07,0.0,0.0,,,90,100.0,90.0,14,0,,0,2.0,14,7,7,0.5,,0,5,8,0,2,27,13,,,0,Ligue-2,60,2021-2022
Ismael Diallo,ci CIV,DF,Ajaccio,24,1997,10,9,837,9.3,0,0,0,0,0,3,0,0.0,0.0,0.0,0.0,0.0,1,0,0.0,0.11,0.0,0.0,,,84,66.4,85.0,5,1,74.0,0,1.7,7,5,2,0.22,-1.06,0,10,9,0,23,10,15,,,0,Ligue-2,60,2021-2022
Ismaël Doukouré,fr FRA,DF,Valenciennes,18,2003,5,3,255,2.8,0,0,0,0,0,1,0,0.0,0.0,0.0,0.0,0.0,1,0,0.0,0.35,0.0,0.0,,,51,20.2,78.0,2,2,11.0,3,1.4,2,6,-4,-1.41,-0.87,0,3,4,0,0,5,3,,,0,Ligue-2,60,2021-2022
Ismaëlben Boura,fr FRA,DF,Le Havre,21,2000,3,3,270,3.0,0,0,0,0,0,0,0,0.0,0.0,0.0,0.0,0.0,2,0,0.0,0.67,0.0,0.0,,,90,21.4,90.0,3,0,,0,1.33,3,3,0,0.0,-0.55,0,3,3,0,5,5,1,,,0,Ligue-2,60,2021-2022
Issiaga Sylla,gn GUI,"DF,MF",Toulouse,27,1994,11,11,926,10.3,0,1,0,0,0,2,0,0.0,0.1,0.1,0.0,0.1,1,0,0.0,0.1,0.0,0.0,,,84,73.5,84.0,10,0,,0,2.18,27,9,18,1.75,1.48,0,10,7,4,31,18,22,,,0,Ligue-2,60,2021-2022
Ivan Filipović,hr CRO,GK,Paris FC,26,1994,2,2,180,2.0,0,0,0,0,0,0,0,0.0,0.0,0.0,0.0,0.0,0,0,,0.0,0.0,,,,90,14.3,90.0,2,0,,8,1.5,1,2,-1,-0.5,-0.75,0,0,0,0,0,0,0,,,0,Ligue-2,60,2021-2022
Iyad Mohamed,km COM,MF,Auxerre,20,2001,2,1,105,1.2,0,0,0,0,0,0,0,0.0,0.0,0.0,0.0,0.0,0,0,,0.0,0.0,,,,53,8.3,90.0,1,1,15.0,4,1.5,0,6,-6,-5.14,-6.16,0,0,0,0,0,0,2,,,0,Ligue-2,60,2021-2022
Jack Lahne,se SWE,FW,Amiens,20,2001,10,5,413,4.6,2,0,2,0,0,0,0,0.44,0.0,0.44,0.44,0.44,5,2,40.0,1.09,0.44,0.4,1.0,,41,32.8,67.0,0,5,15.0,1,0.7,5,4,1,0.22,0.54,0,3,1,3,1,3,0,,,0,Ligue-2,60,2021-2022
Jamal Thiaré,sn SEN,FW,Le Havre,28,1993,12,11,931,10.3,3,3,3,0,0,0,0,0.29,0.29,0.58,0.29,0.58,20,5,25.0,1.93,0.48,0.15,0.6,,78,73.9,82.0,6,1,28.0,0,1.75,11,5,6,0.58,0.58,0,9,30,0,3,3,6,,,0,Ligue-2,60,2021-2022
Janis Antiste,fr FRA,FW,Toulouse,19,2002,3,1,129,1.4,0,0,0,0,0,0,0,0.0,0.0,0.0,0.0,0.0,3,1,33.3,2.09,0.7,0.0,0.0,,43,10.2,79.0,0,2,25.0,0,2.33,3,2,1,0.7,-0.73,0,2,2,0,2,1,0,,,0,Ligue-2,60,2021-2022
Jaouen Hadjam,fr FRA,DF,Paris FC,18,2003,7,4,398,4.4,0,0,0,0,0,0,0,0.0,0.0,0.0,0.0,0.0,3,0,0.0,0.68,0.0,0.0,,,57,31.6,87.0,2,3,17.0,1,2.29,7,4,3,0.68,0.78,0,5,8,0,5,7,5,,,0,Ligue-2,60,2021-2022
Jayson Papeau,fr FRA,MF,Amiens,25,1996,5,3,242,2.7,1,0,1,0,0,1,0,0.37,0.0,0.37,0.37,0.37,3,2,66.7,1.12,0.74,0.33,0.5,,48,19.2,69.0,0,2,18.0,0,1.0,2,1,1,0.37,0.64,0,4,8,0,4,2,10,,,0,Ligue-2,60,2021-2022
Jean Lambert Evans,fr FRA,MF,Pau FC,23,1998,9,3,322,3.6,0,2,0,0,0,1,0,0.0,0.56,0.56,0.0,0.56,4,1,25.0,1.12,0.28,0.0,0.0,,36,25.6,66.0,0,6,21.0,5,1.22,4,2,2,0.56,0.56,0,6,2,2,32,1,0,,,0,Ligue-2,60,2021-2022
Jean-Pascal Fontaine,fr FRA,MF,Le Havre,32,1989,7,7,584,6.5,0,0,0,0,0,0,0,0.0,0.0,0.0,0.0,0.0,7,2,28.6,1.08,0.31,0.0,0.0,,83,46.3,83.0,2,0,,0,2.14,9,4,5,0.77,0.64,0,5,9,0,8,5,5,,,0,Ligue-2,60,2021-2022
Jessy Bénet,fr FRA,MF,Amiens,26,1995,7,4,346,3.8,0,0,0,0,0,1,0,0.0,0.0,0.0,0.0,0.0,2,0,0.0,0.52,0.0,0.0,,,49,27.5,73.0,1,3,18.0,0,0.71,3,4,-1,-0.26,-0.16,0,5,9,0,10,5,5,,,0,Ligue-2,60,2021-2022
Jessy Deminguet,fr FRA,"MF,FW",Caen,23,1998,11,10,902,10.0,1,3,1,0,0,3,0,0.1,0.3,0.4,0.1,0.4,14,8,57.1,1.4,0.8,0.07,0.13,,82,71.6,86.0,8,1,45.0,0,1.27,13,11,2,0.2,0.7,0,23,31,0,29,11,12,,,0,Ligue-2,60,2021-2022
Jessy Pi,fr FRA,MF,Dijon,28,1993,12,11,936,10.4,0,1,0,0,0,2,0,0.0,0.1,0.1,0.0,0.1,21,4,19.0,2.02,0.38,0.0,0.0,,78,74.3,83.0,7,1,21.0,0,1.33,10,10,0,0.0,1.67,0,9,8,0,4,18,15,,,0,Ligue-2,60,2021-2022
Joffrey Cuffaut,fr FRA,DF,Valenciennes,33,1988,13,13,1154,12.8,1,0,0,1,1,2,0,0.08,0.0,0.08,0.0,0.0,15,6,40.0,1.17,0.47,0.0,0.0,,89,91.6,89.0,12,0,,0,1.15,11,18,-7,-0.55,2.0,0,11,21,0,1,26,17,,,0,Ligue-2,60,2021-2022
Johan Rotsen,fr FRA,"MF,FW",Quevilly-Rouen,25,1996,6,2,181,2.0,0,0,0,0,0,0,0,0.0,0.0,0.0,0.0,0.0,0,0,,0.0,0.0,,,,30,14.4,68.0,1,4,12.0,5,1.17,1,3,-2,-0.99,-0.66,0,7,1,0,0,0,3,,,0,Ligue-2,60,2021-2022
Johann Lepenant,fr FRA,MF,Caen,19,2002,14,13,1035,11.5,0,0,0,0,0,2,0,0.0,0.0,0.0,0.0,0.0,8,1,12.5,0.7,0.09,0.0,0.0,,74,82.1,79.0,6,1,4.0,0,1.14,13,15,-2,-0.17,-0.97,0,23,28,0,4,11,24,,,0,Ligue-2,60,2021-2022
Johann Obiang,ga GAB,MF,Rodez Aveyron,28,1993,12,5,544,6.0,0,3,0,0,0,0,0,0.0,0.5,0.5,0.0,0.5,0,0,,0.0,0.0,,,,45,43.2,81.0,2,7,20.0,0,1.08,7,7,0,0.0,-0.13,0,10,2,1,35,10,7,,,0,Ligue-2,60,2021-2022
Jonathan Rivierez,fr FRA,DF,Caen,32,1989,14,13,1215,13.5,1,0,1,0,0,0,0,0.07,0.0,0.07,0.07,0.07,2,1,50.0,0.15,0.07,0.5,1.0,,87,96.4,90.0,13,1,45.0,0,1.14,16,15,1,0.07,2.07,0,9,4,0,1,18,13,,,0,Ligue-2,60,2021-2022
Jordan Leborgne,fr FRA,MF,Rodez Aveyron,26,1995,13,12,837,9.3,0,1,0,0,0,3,1,0.0,0.11,0.11,0.0,0.11,14,9,64.3,1.51,0.97,0.0,0.0,,64,66.4,67.0,1,1,28.0,0,1.38,8,10,-2,-0.22,-0.85,1,13,24,0,15,10,4,,,0,Ligue-2,60,2021-2022
Jordy Gaspar,fr FRA,"MF,DF",Grenoble,24,1997,11,6,590,6.6,0,0,0,0,0,1,0,0.0,0.0,0.0,0.0,0.0,3,1,33.3,0.46,0.15,0.0,0.0,,54,46.8,79.0,4,5,23.0,0,1.45,9,7,2,0.31,1.11,0,6,10,0,7,6,8,,,0,Ligue-2,60,2021-2022
Joris Chougrani,fr FRA,DF,Rodez Aveyron,30,1991,14,11,1015,11.3,0,0,0,0,0,2,0,0.0,0.0,0.0,0.0,0.0,11,2,18.2,0.98,0.18,0.0,0.0,,73,80.6,86.0,10,3,23.0,0,1.36,10,12,-2,-0.18,-1.28,0,10,8,0,15,11,7,,,0,Ligue-2,60,2021-2022
Joris Correa,fr FRA,"MF,FW",Grenoble,27,1993,5,4,333,3.7,0,0,0,0,0,0,0,0.0,0.0,0.0,0.0,0.0,5,1,20.0,1.35,0.27,0.0,0.0,,67,26.4,72.0,1,1,45.0,0,1.4,3,3,0,0.0,0.39,0,6,8,1,3,1,5,,,0,Ligue-2,60,2021-2022
Joris Moutachy,fr FRA,DF,Niort,24,1997,6,4,396,4.4,0,1,0,0,0,0,0,0.0,0.23,0.23,0.0,0.23,0,0,,0.0,0.0,,,,66,31.4,90.0,4,2,18.0,0,1.67,4,4,0,0.0,-0.21,0,3,11,0,8,9,7,,,0,Ligue-2,60,2021-2022
Joris Sainati,fr FRA,DF,Bastia,33,1988,6,4,344,3.8,0,0,0,0,0,2,0,0.0,0.0,0.0,0.0,0.0,2,0,0.0,0.52,0.0,0.0,,,57,27.3,82.0,2,2,8.0,8,1.0,2,4,-2,-0.52,-0.23,0,8,0,0,0,4,0,,,1,Ligue-2,60,2021-2022
Joseph Lopy,sn SEN,MF,Sochaux,29,1992,7,6,507,5.6,0,0,0,0,0,3,1,0.0,0.0,0.0,0.0,0.0,9,2,22.2,1.6,0.36,0.0,0.0,,72,40.2,79.0,3,1,31.0,0,2.29,7,3,4,0.71,0.35,1,10,2,0,3,7,10,,,0,Ligue-2,60,2021-2022
Joseph Mendes,gw GNB,FW,Niort,30,1991,10,6,598,6.6,3,1,2,1,1,2,0,0.45,0.15,0.6,0.3,0.45,14,8,57.1,2.11,1.2,0.14,0.25,,60,47.5,81.0,2,4,28.0,0,1.7,10,6,4,0.6,0.87,0,13,20,4,1,0,3,,,0,Ligue-2,60,2021-2022
Josué Casimir,fr FRA,MF,Le Havre,20,2001,2,0,46,0.5,0,0,0,0,0,0,0,0.0,0.0,0.0,0.0,0.0,2,0,0.0,3.91,0.0,0.0,,,23,3.7,,0,2,23.0,1,0.5,0,0,0,0.0,-0.44,0,1,1,0,4,1,0,,,0,Ligue-2,60,2021-2022
Jovan Nišić,rs SRB,MF,Pau FC,23,1998,12,7,553,6.1,0,2,0,0,0,1,0,0.0,0.33,0.33,0.0,0.33,3,1,33.3,0.49,0.16,0.0,0.0,,46,43.9,66.0,1,5,18.0,1,1.5,9,6,3,0.49,0.62,0,15,9,0,21,6,12,,,0,Ligue-2,60,2021-2022
Jubal,br BRA,DF,Auxerre,28,1993,14,14,1260,14.0,1,0,1,0,0,0,0,0.07,0.0,0.07,0.07,0.07,9,4,44.4,0.64,0.29,0.11,0.25,,90,100.0,90.0,14,0,,0,1.86,21,14,7,0.5,,0,6,9,0,1,14,13,,,0,Ligue-2,60,2021-2022
Jules Sylvestre Brac,fr FRA,DF,Grenoble,23,1998,7,3,331,3.7,1,0,1,0,0,0,0,0.27,0.0,0.27,0.27,0.27,3,1,33.3,0.82,0.27,0.33,1.0,,47,26.3,90.0,3,4,15.0,6,1.57,7,6,1,0.27,0.76,0,3,0,0,0,14,3,,,0,Ligue-2,60,2021-2022
Julien Celestine,fr FRA,DF,Rodez Aveyron,24,1997,10,9,756,8.4,0,0,0,0,0,4,0,0.0,0.0,0.0,0.0,0.0,3,1,33.3,0.36,0.12,0.0,0.0,,76,60.0,83.0,6,1,5.0,3,1.7,13,11,2,0.24,0.42,0,16,9,0,0,11,9,,,0,Ligue-2,60,2021-2022
Julien Le Cardinal,fr FRA,DF,Bastia,24,1997,13,11,985,10.9,0,0,0,0,0,1,0,0.0,0.0,0.0,0.0,0.0,8,1,12.5,0.73,0.09,0.0,0.0,,76,78.2,85.0,8,2,28.0,1,0.92,8,11,-3,-0.27,0.38,0,10,12,0,12,25,9,,,0,Ligue-2,60,2021-2022
Julien López,dz ALG,MF,Paris FC,29,1992,13,6,642,7.1,0,0,0,0,1,0,0,0.0,0.0,0.0,0.0,0.0,11,4,36.4,1.54,0.56,0.0,0.0,,49,51.0,74.0,0,7,29.0,1,1.38,4,7,-3,-0.42,-1.15,0,5,9,6,37,2,4,,,0,Ligue-2,60,2021-2022
Julien Masson,fr FRA,MF,Valenciennes,23,1998,10,9,815,9.1,0,1,0,0,0,2,0,0.0,0.11,0.11,0.0,0.11,8,2,25.0,0.88,0.22,0.0,0.0,,82,64.7,88.0,7,1,25.0,1,0.6,6,15,-9,-0.99,-0.79,0,15,27,0,9,4,14,,,0,Ligue-2,60,2021-2022
Julien Ponceau,fr FRA,MF,Nîmes,20,2000,14,13,1091,12.1,0,0,0,0,0,1,0,0.0,0.0,0.0,0.0,0.0,5,1,20.0,0.41,0.08,0.0,0.0,,78,86.6,82.0,6,1,24.0,0,1.0,13,13,0,0.0,1.6,0,21,25,3,13,6,5,,,0,Ligue-2,60,2021-2022
Jérémy Huysman,fr FRA,DF,Dunkerque,32,1988,5,0,113,1.3,0,0,0,0,0,1,0,0.0,0.0,0.0,0.0,0.0,1,0,0.0,0.8,0.0,0.0,,,23,9.0,,0,5,23.0,1,0.4,0,2,-2,-1.59,-1.51,0,5,6,0,2,1,3,,,0,Ligue-2,60,2021-2022
Jérémy Livolant,fr FRA,MF,Guingamp,23,1998,14,7,691,7.7,0,0,0,0,0,2,0,0.0,0.0,0.0,0.0,0.0,17,3,17.6,2.21,0.39,0.0,0.0,,49,54.8,77.0,2,7,22.0,0,1.29,8,8,0,0.0,0.16,0,8,21,1,24,5,9,,,0,Ligue-2,60,2021-2022
Jérémy Vachoux,fr FRA,GK,Dunkerque,27,1994,6,6,539,6.0,0,0,0,0,0,1,0,0.0,0.0,0.0,0.0,0.0,0,0,,0.0,0.0,,,,90,42.8,90.0,5,0,,6,1.67,7,6,1,0.17,0.67,0,0,1,0,0,0,0,,,0,Ligue-2,60,2021-2022
Jérôme Mombris,mg MAD,DF,Grenoble,33,1987,2,2,158,1.8,0,0,0,0,0,0,0,0.0,0.0,0.0,0.0,0.0,0,0,,0.0,0.0,,,,79,12.5,79.0,1,0,,1,0.0,0,6,-6,-3.42,-3.58,0,1,3,0,3,1,0,,,0,Ligue-2,60,2021-2022
Jérôme Mombris,mg MAD,DF,Guingamp,33,1987,4,4,360,4.0,0,1,0,0,0,1,0,0.0,0.25,0.25,0.0,0.25,1,0,0.0,0.25,0.0,0.0,,,90,28.6,90.0,4,0,,5,1.0,6,7,-1,-0.25,-0.25,0,6,5,0,13,6,3,,,0,Ligue-2,60,2021-2022
Kalidou Sidibé,fr FRA,"MF,DF",Quevilly-Rouen,22,1999,8,8,697,7.7,1,0,1,0,0,4,0,0.13,0.0,0.13,0.13,0.13,6,2,33.3,0.77,0.26,0.17,0.5,,87,55.3,87.0,6,0,,0,1.13,6,8,-2,-0.26,0.38,0,19,27,0,0,11,13,,,0,Ligue-2,60,2021-2022
Karim Aribi,dz ALG,FW,Nîmes,27,1994,6,2,213,2.4,0,0,0,0,0,1,0,0.0,0.0,0.0,0.0,0.0,5,2,40.0,2.11,0.85,0.0,0.0,,36,16.9,65.0,0,4,21.0,1,0.83,4,3,1,0.42,0.77,0,6,4,2,2,1,3,,,0,Ligue-2,60,2021-2022
Kelvin Patrick,cv CPV,"MF,DF",Nancy,21,2000,6,3,339,3.8,0,0,0,0,0,1,0,0.0,0.0,0.0,0.0,0.0,3,1,33.3,0.8,0.27,0.0,0.0,,57,26.9,90.0,3,3,23.0,3,0.5,3,6,-3,-0.8,0.28,0,10,2,0,0,6,6,,,0,Ligue-2,60,2021-2022
Kelyan Guessoum,fr FRA,DF,Nîmes,22,1999,10,5,496,5.5,0,0,0,0,0,3,0,0.0,0.0,0.0,0.0,0.0,2,1,50.0,0.36,0.18,0.0,0.0,,50,39.4,90.0,5,5,9.0,4,0.8,3,12,-9,-1.63,-2.34,0,10,5,0,0,15,6,,,0,Ligue-2,60,2021-2022
Kenji-Van Boto,fr FRA,DF,Pau FC,25,1996,14,14,1229,13.7,0,1,0,0,0,2,0,0.0,0.07,0.07,0.0,0.07,8,3,37.5,0.59,0.22,0.0,0.0,,88,97.5,88.0,12,0,,0,1.5,13,12,1,0.07,-2.83,0,13,7,1,47,17,19,,,0,Ligue-2,60,2021-2022
Kenny Nagera,fr FRA,FW,Bastia,19,2002,6,1,176,2.0,0,0,0,0,0,0,0,0.0,0.0,0.0,0.0,0.0,2,1,50.0,1.02,0.51,0.0,0.0,,29,14.0,59.0,0,5,23.0,1,0.33,0,3,-3,-1.53,-1.37,0,3,2,0,1,0,1,,,0,Ligue-2,60,2021-2022
Kevin Schur,fr FRA,"MF,FW",Bastia,30,1990,12,10,921,10.2,2,0,2,0,0,4,0,0.2,0.0,0.2,0.2,0.2,13,9,69.2,1.27,0.88,0.15,0.22,,77,73.1,82.0,7,2,51.0,0,0.92,8,9,-1,-0.1,0.96,0,11,10,0,18,7,5,,,0,Ligue-2,60,2021-2022
Khalid Boutaïb,ma MAR,FW,Le Havre,34,1987,12,11,950,10.6,3,0,3,0,0,3,1,0.28,0.0,0.28,0.28,0.28,22,8,36.4,2.08,0.76,0.14,0.38,,79,75.4,84.0,6,1,28.0,0,1.67,11,8,3,0.28,-0.59,0,23,16,7,1,6,18,,,0,Ligue-2,60,2021-2022
Killian Corredor,fr FRA,FW,Rodez Aveyron,21,2000,2,0,34,0.4,0,0,0,0,0,0,0,0.0,0.0,0.0,0.0,0.0,1,0,0.0,2.65,0.0,0.0,,,17,2.7,,0,2,17.0,1,1.5,1,0,1,2.65,2.65,0,0,0,0,2,0,0,,,0,Ligue-2,60,2021-2022
Kouamé Botué,bf BFA,FW,Ajaccio,19,2002,11,6,533,5.9,1,0,1,0,0,1,0,0.17,0.0,0.17,0.17,0.17,15,7,46.7,2.53,1.18,0.07,0.14,,48,42.3,75.0,0,5,17.0,2,1.73,2,1,1,0.17,-0.7,0,13,13,5,4,1,3,,,0,Ligue-2,60,2021-2022
Kylian Kaïboué,fr FRA,"MF,DF",Bastia,23,1998,10,2,274,3.0,0,0,0,0,0,0,0,0.0,0.0,0.0,0.0,0.0,4,1,25.0,1.31,0.33,0.0,0.0,,27,21.7,70.0,0,8,17.0,2,0.8,3,5,-2,-0.66,-0.38,0,4,6,2,21,3,4,,,0,Ligue-2,60,2021-2022
Kévin Rocheteau,fr FRA,"FW,MF",Dunkerque,28,1993,10,8,686,7.6,3,2,2,1,1,1,0,0.39,0.26,0.66,0.26,0.52,19,10,52.6,2.49,1.31,0.11,0.2,,69,54.4,79.0,2,2,26.0,0,1.5,11,9,2,0.26,1.05,0,10,10,4,29,4,9,,,0,Ligue-2,60,2021-2022
Lamine Fomba,fr FRA,MF,Nîmes,23,1998,12,12,1003,11.1,2,0,2,0,0,2,0,0.18,0.0,0.18,0.18,0.18,13,5,38.5,1.17,0.45,0.15,0.4,,84,79.6,84.0,6,0,,0,1.17,13,14,-1,-0.09,0.61,0,18,5,0,3,18,19,,,0,Ligue-2,60,2021-2022
Lassine Sinayoko,ml MLI,"FW,MF",Auxerre,21,1999,12,6,575,6.4,1,2,1,0,0,4,0,0.16,0.31,0.47,0.16,0.47,17,7,41.2,2.66,1.1,0.06,0.14,,48,45.6,80.0,1,6,16.0,0,1.92,11,5,6,0.94,0.81,0,18,7,5,4,2,7,,,0,Ligue-2,60,2021-2022
Laurent Dos Santos,fr FRA,"DF,MF",Valenciennes,28,1993,9,5,452,5.0,0,0,0,0,0,0,1,0.0,0.0,0.0,0.0,0.0,3,0,0.0,0.6,0.0,0.0,,,50,35.9,76.0,3,4,18.0,1,1.22,4,6,-2,-0.4,0.49,0,8,5,0,16,4,10,,,0,Ligue-2,60,2021-2022
Lenny Vallier,fr FRA,MF,Niort,22,1999,13,11,898,10.0,2,2,2,0,0,3,0,0.2,0.2,0.4,0.2,0.4,10,3,30.0,1.0,0.3,0.2,0.67,,69,71.3,79.0,2,2,16.0,0,1.54,13,9,4,0.4,0.9,0,9,17,1,10,8,14,,,0,Ligue-2,60,2021-2022
Leverton Pierre,ht HAI,MF,Dunkerque,23,1998,11,7,556,6.2,1,0,1,0,0,1,0,0.16,0.0,0.16,0.16,0.16,9,3,33.3,1.46,0.49,0.11,0.33,,51,44.1,71.0,1,4,14.0,0,1.09,7,9,-2,-0.32,-0.2,0,15,10,0,8,7,7,,,0,Ligue-2,60,2021-2022
Lionel Mpasi,cd COD,GK,Rodez Aveyron,27,1994,14,14,1260,14.0,0,0,0,0,0,2,0,0.0,0.0,0.0,0.0,0.0,0,0,,0.0,0.0,,,,90,100.0,90.0,14,0,,0,1.36,16,15,1,0.07,,0,1,3,0,0,0,0,,,0,Ligue-2,60,2021-2022
Lloyd Palun,ga GAB,DF,Bastia,32,1988,12,12,1035,11.5,0,0,0,0,0,2,0,0.0,0.0,0.0,0.0,0.0,4,1,25.0,0.35,0.09,0.0,0.0,,86,82.1,86.0,11,0,,0,0.92,7,11,-4,-0.35,0.05,0,5,7,0,21,35,20,,,0,Ligue-2,60,2021-2022
Logan Ndenbe,be BEL,DF,Guingamp,21,2000,7,7,630,7.0,0,0,0,0,0,0,0,0.0,0.0,0.0,0.0,0.0,3,2,66.7,0.43,0.29,0.0,0.0,,90,50.0,90.0,7,0,,5,1.71,9,7,2,0.29,0.71,0,13,13,1,13,12,12,,,0,Ligue-2,60,2021-2022
Lorenzo Rajot,fr FRA,MF,Rodez Aveyron,24,1997,12,2,343,3.8,0,0,0,0,0,1,0,0.0,0.0,0.0,0.0,0.0,6,0,0.0,1.57,0.0,0.0,,,29,27.2,65.0,0,10,21.0,2,1.33,6,6,0,0.0,-0.1,0,9,9,0,5,2,3,,,0,Ligue-2,60,2021-2022
Loris Néry,fr FRA,DF,Grenoble,30,1991,12,10,939,10.4,0,2,0,0,0,2,0,0.0,0.19,0.19,0.0,0.19,1,0,0.0,0.1,0.0,0.0,,,78,74.5,87.0,8,2,36.0,0,1.25,12,12,0,0.0,1.12,0,6,11,1,26,12,16,,,0,Ligue-2,60,2021-2022
Louis Carnot,fr FRA,MF,Guingamp,20,2001,6,1,141,1.6,1,0,1,0,0,1,0,0.64,0.0,0.64,0.64,0.64,1,1,100.0,0.64,0.64,1.0,1.0,,24,11.2,90.0,1,5,10.0,4,1.5,1,2,-1,-0.64,-0.64,0,4,2,0,3,4,4,,,0,Ligue-2,60,2021-2022
Loup Hervieu,fr FRA,MF,Caen,21,2000,1,0,21,0.2,0,0,0,0,0,0,0,0.0,0.0,0.0,0.0,0.0,1,0,0.0,4.29,0.0,0.0,,,21,1.7,,0,1,21.0,3,1.0,0,1,-1,-4.29,-4.36,0,0,0,0,1,2,0,,,0,Ligue-2,60,2021-2022
Loïc Kouagba,fr FRA,DF,Dunkerque,27,1994,8,7,575,6.4,0,0,0,0,0,0,0,0.0,0.0,0.0,0.0,0.0,0,0,,0.0,0.0,,,,72,45.6,82.0,5,1,1.0,5,1.25,7,10,-3,-0.47,-0.47,0,9,4,0,8,11,4,,,0,Ligue-2,60,2021-2022
Loïc Nestor,fr FRA,DF,Grenoble,32,1989,13,13,1160,12.9,1,0,1,0,0,0,0,0.08,0.0,0.08,0.08,0.08,3,2,66.7,0.23,0.16,0.33,0.5,,89,92.1,89.0,12,0,,0,1.38,12,14,-2,-0.16,1.64,0,2,1,1,4,21,5,,,0,Ligue-2,60,2021-2022
Lucas Buadés,fr FRA,MF,Rodez Aveyron,23,1997,13,12,1101,12.2,4,1,4,0,0,0,0,0.33,0.08,0.41,0.33,0.41,12,5,41.7,0.98,0.41,0.33,0.8,,85,87.4,90.0,11,1,24.0,0,1.46,16,10,6,0.49,3.32,0,13,16,3,43,18,13,,,0,Ligue-2,60,2021-2022
Lucas Chevalier,fr FRA,GK,Valenciennes,19,2001,7,7,630,7.0,0,0,0,0,0,0,0,0.0,0.0,0.0,0.0,0.0,0,0,,0.0,0.0,,,,90,50.0,90.0,7,0,,0,1.43,8,11,-3,-0.43,0.57,0,0,1,0,0,0,0,,,0,Ligue-2,60,2021-2022
Lucas Deaux,fr FRA,MF,Dijon,32,1988,6,5,481,5.3,0,1,0,0,0,2,0,0.0,0.19,0.19,0.0,0.19,5,2,40.0,0.94,0.37,0.0,0.0,,80,38.2,87.0,4,1,45.0,0,0.5,5,10,-5,-0.94,-0.82,0,17,7,0,12,5,8,,,1,Ligue-2,60,2021-2022
Lucas Dias,fr FRA,GK,Nîmes,22,1999,4,3,315,3.5,0,0,0,0,0,0,0,0.0,0.0,0.0,0.0,0.0,0,0,,0.0,0.0,,,,79,25.0,90.0,3,1,45.0,10,0.25,4,8,-4,-1.14,-1.24,0,0,0,0,0,0,0,,,0,Ligue-2,60,2021-2022
Léon Delpech,fr FRA,MF,Nîmes,19,2002,11,4,437,4.9,1,1,1,0,0,2,0,0.21,0.21,0.41,0.21,0.41,6,1,16.7,1.24,0.21,0.17,1.0,,40,34.7,89.0,3,7,11.0,2,1.0,8,7,1,0.21,0.64,0,8,7,0,4,5,5,,,0,Ligue-2,60,2021-2022
Maguette Diongue,fr FRA,MF,Bastia,29,1992,6,5,418,4.6,2,1,2,0,0,1,0,0.43,0.22,0.65,0.43,0.65,9,4,44.4,1.94,0.86,0.22,0.5,,70,33.2,77.0,1,1,35.0,0,1.0,4,4,0,0.0,0.53,0,7,4,0,2,3,6,,,0,Ligue-2,60,2021-2022
Mahamadou Dembélé,fr FRA,"DF,MF",Pau FC,22,1999,13,5,572,6.4,0,0,0,0,0,2,0,0.0,0.0,0.0,0.0,0.0,4,0,0.0,0.63,0.0,0.0,,,44,45.4,87.0,4,8,17.0,1,1.62,6,5,1,0.16,0.03,0,8,2,0,3,19,8,,,0,Ligue-2,60,2021-2022
Mahamadou Doucouré,ml MLI,FW,Nîmes,21,2000,9,4,401,4.5,0,0,0,0,0,0,0,0.0,0.0,0.0,0.0,0.0,5,3,60.0,1.12,0.67,0.0,0.0,,45,31.8,72.0,0,5,23.0,0,1.44,7,4,3,0.67,1.3,0,7,4,5,0,1,0,,,0,Ligue-2,60,2021-2022
Mahame Siby,ml MLI,MF,Paris FC,25,1996,3,3,269,3.0,0,0,0,0,0,0,0,0.0,0.0,0.0,0.0,0.0,3,2,66.7,1.0,0.67,0.0,0.0,,90,21.3,90.0,2,0,,0,1.33,3,3,0,0.0,-0.18,0,2,0,1,4,1,2,,,0,Ligue-2,60,2021-2022
Malaly Dembélé,fr FRA,FW,Rodez Aveyron,24,1997,9,4,339,3.8,2,1,2,0,0,1,0,0.53,0.27,0.8,0.53,0.8,12,4,33.3,3.19,1.06,0.17,0.5,,38,26.9,69.0,0,5,13.0,1,1.33,5,2,3,0.8,0.99,0,4,8,2,1,2,5,,,0,Ligue-2,60,2021-2022
Malcolm Viltard,fr FRA,MF,Sochaux,19,2002,1,0,5,0.1,0,0,0,0,0,0,0,0.0,0.0,0.0,0.0,0.0,0,0,,0.0,0.0,,,,5,0.4,,0,1,5.0,1,1.0,0,0,0,0.0,-0.5,0,0,1,0,0,1,0,,,0,Ligue-2,60,2021-2022
Malik Tchokounté,fr FRA,FW,Dunkerque,33,1988,14,13,1131,12.6,5,1,5,0,0,2,0,0.4,0.08,0.48,0.4,0.48,23,8,34.8,1.83,0.64,0.22,0.63,,81,89.8,85.0,10,1,22.0,0,1.14,14,14,0,0.0,2.09,0,24,26,12,9,4,8,,,0,Ligue-2,60,2021-2022
Mamadou Diallo,sn SEN,"FW,MF",Grenoble,27,1994,9,6,607,6.7,2,1,2,0,0,1,0,0.3,0.15,0.44,0.3,0.44,11,4,36.4,1.63,0.59,0.18,0.5,,67,48.2,86.0,3,3,31.0,0,1.78,10,6,4,0.59,1.7,0,6,25,5,10,3,4,,,0,Ligue-2,60,2021-2022
Mamadou Fofana,ml MLI,DF,Amiens,23,1998,11,9,808,9.0,0,0,0,0,0,0,0,0.0,0.0,0.0,0.0,0.0,2,0,0.0,0.22,0.0,0.0,,,73,64.1,88.0,8,2,8.0,0,1.18,11,7,4,0.45,1.64,0,3,7,0,3,11,15,,,0,Ligue-2,60,2021-2022
Mamadou Fofana,fr FRA,MF,Amiens,21,2000,7,2,253,2.8,0,0,0,0,0,0,0,0.0,0.0,0.0,0.0,0.0,5,0,0.0,1.78,0.0,0.0,,,36,20.1,81.0,1,5,18.0,1,0.71,1,4,-3,-1.07,-1.16,0,8,5,0,1,1,3,,,0,Ligue-2,60,2021-2022
Mamadou Thiam,sn SEN,"MF,FW",Nancy,26,1995,13,7,631,7.0,1,0,1,0,0,0,0,0.14,0.0,0.14,0.14,0.14,18,5,27.8,2.57,0.71,0.06,0.2,,49,50.1,77.0,3,6,16.0,0,0.62,3,13,-10,-1.43,-0.85,0,7,7,1,29,2,5,,,0,Ligue-2,60,2021-2022
Mamady Bangré,fr FRA,FW,Toulouse,20,2001,4,2,124,1.4,0,0,0,0,0,0,0,0.0,0.0,0.0,0.0,0.0,6,0,0.0,4.35,0.0,0.0,,,31,9.8,45.0,0,2,17.0,5,2.25,2,2,0,0.0,-1.51,0,3,4,0,1,1,0,,,0,Ligue-2,60,2021-2022
Manoubi Haddad,tn TUN,"MF,FW",Quevilly-Rouen,25,1996,14,10,890,9.9,2,1,1,1,2,0,0,0.2,0.1,0.3,0.1,0.2,15,7,46.7,1.52,0.71,0.07,0.14,,64,70.6,79.0,4,4,26.0,0,1.14,12,12,0,0.0,1.46,0,10,15,1,52,6,17,,,0,Ligue-2,60,2021-2022
Manuel Perez,fr FRA,MF,Grenoble,30,1991,5,4,241,2.7,0,0,0,0,0,0,1,0.0,0.0,0.0,0.0,0.0,0,0,,0.0,0.0,,,,48,19.1,56.0,0,1,16.0,0,1.2,2,6,-4,-1.49,-1.49,0,11,1,0,0,3,4,,,1,Ligue-2,60,2021-2022
Manuel Semedo,pt POR,FW,Dunkerque,21,2000,2,0,29,0.3,0,0,0,0,0,0,0,0.0,0.0,0.0,0.0,0.0,0,0,,0.0,0.0,,,,15,2.3,,0,2,15.0,1,0.0,0,1,-1,-3.1,-2.96,0,2,0,0,1,0,0,,,0,Ligue-2,60,2021-2022
Manuel de Iriondo,ar ARG,MF,Grenoble,28,1993,9,4,289,3.2,0,0,0,0,0,1,1,0.0,0.0,0.0,0.0,0.0,1,1,100.0,0.31,0.31,0.0,0.0,,32,22.9,54.0,0,5,14.0,2,1.56,2,6,-4,-1.25,-1.25,0,8,6,0,0,7,6,,,0,Ligue-2,60,2021-2022
Marco Majouga,fr FRA,MF,Dunkerque,20,2001,6,1,179,2.0,0,0,0,0,0,0,0,0.0,0.0,0.0,0.0,0.0,5,2,40.0,2.51,1.01,0.0,0.0,,30,14.2,67.0,0,5,22.0,2,1.33,3,1,2,1.01,1.42,0,3,1,1,3,1,3,,,0,Ligue-2,60,2021-2022
Mario Jason Kikonda,fr FRA,MF,Paris FC,25,1996,2,0,23,0.3,0,0,0,0,0,0,0,0.0,0.0,0.0,0.0,0.0,0,0,,0.0,0.0,,,,12,1.8,,0,2,12.0,2,3.0,1,0,1,3.91,3.84,0,0,1,1,0,0,0,,,0,Ligue-2,60,2021-2022
Mario Jason Kikonda,fr FRA,MF,Dunkerque,25,1996,8,5,401,4.5,0,0,0,0,0,1,0,0.0,0.0,0.0,0.0,0.0,0,0,,0.0,0.0,,,,50,31.8,68.0,1,3,21.0,0,1.75,6,3,3,0.67,1.3,0,12,6,0,3,8,8,,,0,Ligue-2,60,2021-2022
Marvin Gakpa,fr FRA,"MF,FW",Paris FC,28,1993,4,4,317,3.5,2,1,2,0,0,0,0,0.57,0.28,0.85,0.57,0.85,11,6,54.5,3.12,1.7,0.18,0.33,,79,25.2,79.0,1,0,,0,2.5,9,2,7,1.99,2.46,0,3,3,0,13,4,1,,,0,Ligue-2,60,2021-2022
Marvin Senaya,tg TOG,DF,Sochaux,20,2001,7,3,311,3.5,0,0,0,0,0,1,0,0.0,0.0,0.0,0.0,0.0,1,0,0.0,0.29,0.0,0.0,,,44,24.7,86.0,2,4,14.0,1,2.14,4,1,3,0.87,0.49,0,7,6,0,7,12,8,,,0,Ligue-2,60,2021-2022
Mateo Pavlović,ba BIH,DF,Amiens,31,1990,8,7,654,7.3,1,0,1,0,0,2,0,0.14,0.0,0.14,0.14,0.14,3,1,33.3,0.41,0.14,0.33,1.0,,82,51.9,90.0,7,1,24.0,0,1.0,8,7,1,0.14,0.58,0,6,3,0,0,15,6,,,0,Ligue-2,60,2021-2022
Mathias Autret,fr FRA,MF,Auxerre,30,1991,12,11,967,10.7,3,1,1,2,2,1,0,0.28,0.09,0.37,0.09,0.19,23,9,39.1,2.14,0.84,0.04,0.11,,81,76.7,84.0,6,1,45.0,0,1.67,13,9,4,0.37,-0.55,0,9,6,1,49,13,10,,,0,Ligue-2,60,2021-2022
Mathieu Coutadeur,fr FRA,MF,Ajaccio,35,1986,11,11,983,10.9,0,2,0,0,0,1,0,0.0,0.18,0.18,0.0,0.18,6,1,16.7,0.55,0.09,0.0,0.0,,89,78.0,89.0,9,0,,0,1.82,11,5,6,0.55,-0.1,0,8,9,0,6,20,14,,,0,Ligue-2,60,2021-2022
Mathieu Debuchy,fr FRA,"MF,DF",Valenciennes,36,1985,10,9,795,8.8,0,0,0,0,0,1,0,0.0,0.0,0.0,0.0,0.0,10,1,10.0,1.13,0.11,0.0,0.0,,80,63.1,85.0,8,1,30.0,0,1.0,8,14,-6,-0.68,0.09,0,17,10,0,39,25,18,,,0,Ligue-2,60,2021-2022
Mathieu Dossevi,tg TOG,MF,Amiens,33,1988,1,1,35,0.4,0,0,0,0,0,0,0,0.0,0.0,0.0,0.0,0.0,0,0,,0.0,0.0,,,,35,2.8,35.0,0,0,,0,0.0,0,1,-1,-2.57,-2.5,0,0,1,0,1,0,0,,,0,Ligue-2,60,2021-2022
Mathis Lachuer,fr FRA,MF,Amiens,21,2000,12,12,942,10.5,0,1,0,0,0,3,0,0.0,0.1,0.1,0.0,0.1,8,0,0.0,0.76,0.0,0.0,,,79,74.8,79.0,3,0,,1,0.92,9,11,-2,-0.19,-0.19,0,17,12,0,29,13,16,,,0,Ligue-2,60,2021-2022
Mathis Picouleau,fr FRA,"MF,DF",Valenciennes,21,2000,12,6,657,7.3,1,0,1,0,0,0,0,0.14,0.0,0.14,0.14,0.14,6,2,33.3,0.82,0.27,0.17,0.5,,55,52.1,87.0,4,6,22.0,0,1.0,6,9,-3,-0.41,0.63,0,8,6,1,24,4,2,,,0,Ligue-2,60,2021-2022
Matteo Ahlinvi,bj BEN,MF,Dijon,22,1999,9,6,505,5.6,0,0,0,0,0,1,0,0.0,0.0,0.0,0.0,0.0,5,1,20.0,0.89,0.18,0.0,0.0,,56,40.1,76.0,3,3,16.0,3,1.11,5,10,-5,-0.89,-0.77,0,9,7,1,5,4,4,,,0,Ligue-2,60,2021-2022
Matthias Phaeton,gp GLP,"MF,FW",Guingamp,21,2000,13,6,584,6.5,1,0,1,0,0,2,0,0.15,0.0,0.15,0.15,0.15,13,6,46.2,2.0,0.92,0.08,0.17,,45,46.3,75.0,2,7,19.0,0,1.31,9,8,1,0.15,0.42,0,7,14,4,6,2,1,,,0,Ligue-2,60,2021-2022
Matthieu Huard,fr FRA,DF,Ajaccio,23,1998,4,3,288,3.2,0,1,0,0,0,1,0,0.0,0.31,0.31,0.0,0.31,0,0,,0.0,0.0,,,,72,22.9,90.0,3,1,18.0,1,2.0,6,3,3,0.94,0.47,0,6,3,0,6,5,2,,,0,Ligue-2,60,2021-2022
Matthis Riou,fr FRA,DF,Guingamp,20,2001,1,1,90,1.0,0,0,0,0,0,1,0,0.0,0.0,0.0,0.0,0.0,1,0,0.0,1.0,0.0,0.0,,,90,7.1,90.0,1,0,,4,0.0,0,2,-2,-2.0,-2.08,0,1,0,0,3,4,1,,,0,Ligue-2,60,2021-2022
Matthéo Xantippe,fr FRA,"DF,MF",Amiens,19,2002,7,4,426,4.7,0,1,0,0,0,1,0,0.0,0.21,0.21,0.0,0.21,1,0,0.0,0.21,0.0,0.0,,,61,33.8,89.0,3,3,24.0,5,0.86,8,7,1,0.21,0.54,0,5,1,1,15,10,4,,,0,Ligue-2,60,2021-2022
Maxence Prevot,fr FRA,GK,Sochaux,24,1997,14,14,1260,14.0,0,0,0,0,0,1,0,0.0,0.0,0.0,0.0,0.0,0,0,,0.0,0.0,,,,90,100.0,90.0,14,0,,0,2.0,14,7,7,0.5,,0,0,3,0,0,0,0,,,0,Ligue-2,60,2021-2022
Maxime Barthelmé,fr FRA,"MF,FW",Guingamp,33,1988,10,10,711,7.9,0,1,0,0,0,1,0,0.0,0.13,0.13,0.0,0.13,12,5,41.7,1.52,0.63,0.0,0.0,,71,56.4,71.0,0,0,,3,1.3,6,9,-3,-0.38,-0.71,0,14,14,6,46,3,9,,,0,Ligue-2,60,2021-2022
Maxime Bernauer,fr FRA,DF,Paris FC,23,1998,12,10,913,10.1,0,1,0,0,0,1,0,0.0,0.1,0.1,0.0,0.1,4,1,25.0,0.39,0.1,0.0,0.0,,76,72.5,88.0,7,2,19.0,0,1.25,11,12,-1,-0.1,-0.88,0,12,10,0,59,19,9,,,1,Ligue-2,60,2021-2022
Maxime Do Couto Teixeira,fr FRA,MF,Sochaux,24,1996,14,12,899,10.0,1,1,1,0,0,2,0,0.1,0.1,0.2,0.1,0.2,24,4,16.7,2.4,0.4,0.04,0.25,,64,71.3,70.0,0,2,28.0,0,2.0,8,3,5,0.5,0.0,0,20,17,2,11,8,17,,,0,Ligue-2,60,2021-2022
Maxime Dupé,fr FRA,GK,Toulouse,28,1993,14,14,1260,14.0,0,0,0,0,0,0,0,0.0,0.0,0.0,0.0,0.0,0,0,,0.0,0.0,,,,90,100.0,90.0,14,0,,0,2.07,32,13,19,1.36,,0,0,0,0,0,0,0,,,0,Ligue-2,60,2021-2022
Maxime Sivis,fr FRA,DF,Guingamp,23,1998,6,6,523,5.8,2,0,2,0,0,1,0,0.34,0.0,0.34,0.34,0.34,6,3,50.0,1.03,0.52,0.33,0.67,,87,41.5,87.0,5,0,,0,1.33,10,10,0,0.0,0.12,0,4,10,1,14,4,6,,,0,Ligue-2,60,2021-2022
Maxime Spano,dz ALG,DF,Valenciennes,27,1994,6,5,419,4.7,0,0,0,0,0,0,0,0.0,0.0,0.0,0.0,0.0,1,0,0.0,0.21,0.0,0.0,,,70,33.3,81.0,3,1,16.0,5,1.5,5,10,-5,-1.07,-0.54,0,2,3,0,0,1,3,,,0,Ligue-2,60,2021-2022
Mehdi Chahiri,ma MAR,MF,Caen,25,1996,8,7,658,7.3,3,0,3,0,0,0,0,0.41,0.0,0.41,0.41,0.41,20,6,30.0,2.74,0.82,0.15,0.5,,82,52.2,89.0,5,1,36.0,0,0.75,9,10,-1,-0.14,-0.29,0,6,10,0,21,4,7,,,0,Ligue-2,60,2021-2022
Mehdi Merghem,fr FRA,MF,Guingamp,24,1997,9,2,246,2.7,0,0,0,0,0,2,0,0.0,0.0,0.0,0.0,0.0,8,2,25.0,2.93,0.73,0.0,0.0,,27,19.5,67.0,0,7,16.0,0,1.33,5,4,1,0.37,0.54,0,8,7,0,11,1,2,,,0,Ligue-2,60,2021-2022
Mickaël Alphonse,gp GLP,"DF,MF",Amiens,32,1989,14,14,1260,14.0,1,1,1,0,0,2,0,0.07,0.07,0.14,0.07,0.14,16,4,25.0,1.14,0.29,0.06,0.25,,90,100.0,90.0,14,0,,0,0.93,14,16,-2,-0.14,,0,12,16,2,48,37,20,,,0,Ligue-2,60,2021-2022
Mickaël Barreto,fr FRA,"MF,FW",Ajaccio,30,1991,11,7,587,6.5,0,1,0,0,0,0,0,0.0,0.15,0.15,0.0,0.15,15,5,33.3,2.3,0.77,0.0,0.0,,53,46.6,73.0,0,4,19.0,0,1.73,8,5,3,0.46,-0.21,0,12,3,0,61,9,12,,,0,Ligue-2,60,2021-2022
Mickaël Biron,mq MTQ,"MF,FW",Nancy,24,1997,14,14,1222,13.6,0,0,0,0,0,2,0,0.0,0.0,0.0,0.0,0.0,45,14,31.1,3.31,1.03,0.0,0.0,,87,97.0,87.0,9,0,,0,0.64,8,23,-15,-1.1,-3.47,0,31,22,6,9,8,20,,,0,Ligue-2,60,2021-2022
Mickaël Le Bihan,fr FRA,FW,Dijon,31,1990,11,8,639,7.1,2,0,1,1,1,1,0,0.28,0.0,0.28,0.14,0.14,16,4,25.0,2.25,0.56,0.06,0.25,,58,50.7,70.0,2,3,25.0,0,1.36,7,11,-4,-0.56,-0.27,0,5,11,5,7,4,2,,,0,Ligue-2,60,2021-2022
Migouel Alfarela,fr FRA,"FW,MF",Paris FC,23,1997,13,4,507,5.6,1,1,1,0,0,1,0,0.18,0.18,0.36,0.18,0.36,15,6,40.0,2.66,1.07,0.07,0.17,,39,40.2,68.0,0,9,26.0,1,1.38,6,6,0,0.0,-0.24,0,5,1,2,8,3,5,,,0,Ligue-2,60,2021-2022
Mihai Dobre,ro ROU,"FW,MF",Dijon,23,1998,8,5,457,5.1,2,2,2,0,0,1,0,0.39,0.39,0.79,0.39,0.79,18,7,38.9,3.54,1.38,0.11,0.29,,57,36.3,83.0,3,3,13.0,1,1.25,4,5,-1,-0.2,0.36,0,6,6,0,6,2,1,,,0,Ligue-2,60,2021-2022
Mikkel Desler,dk DEN,"DF,MF",Toulouse,26,1995,14,14,1235,13.7,1,2,1,0,0,3,0,0.07,0.15,0.22,0.07,0.22,9,2,22.2,0.66,0.15,0.11,0.5,,88,98.0,88.0,13,0,,0,2.07,30,13,17,1.24,-5.96,0,28,22,1,29,20,16,,,0,Ligue-2,60,2021-2022
Mohamed Ben Fredj,tn TUN,FW,Auxerre,21,2000,2,0,12,0.1,0,0,0,0,0,0,0,0.0,0.0,0.0,0.0,0.0,1,0,0.0,7.5,0.0,0.0,,,6,1.0,,0,2,6.0,10,3.0,0,0,0,0.0,-0.5,0,0,0,0,0,0,0,,,0,Ligue-2,60,2021-2022
Mohamed Cissé,fr FRA,"MF,FW",Nancy,18,2003,9,6,539,6.0,0,1,0,0,0,0,0,0.0,0.17,0.17,0.0,0.17,13,1,7.7,2.17,0.17,0.0,0.0,,60,42.8,75.0,1,3,30.0,2,0.33,5,13,-8,-1.34,-0.59,0,10,19,10,36,1,11,,,0,Ligue-2,60,2021-2022
Mohamed Kaba,fr FRA,MF,Valenciennes,20,2001,12,10,865,9.6,0,2,0,0,0,3,0,0.0,0.21,0.21,0.0,0.21,2,2,100.0,0.21,0.21,0.0,0.0,,72,68.7,82.0,6,2,23.0,2,1.0,10,16,-6,-0.62,0.29,0,18,23,1,0,8,13,,,0,Ligue-2,60,2021-2022
Mohamed Lamine Diaby,fr FRA,FW,Paris FC,20,2001,2,0,5,0.1,0,0,0,0,0,0,0,0.0,0.0,0.0,0.0,0.0,0,0,,0.0,0.0,,,,3,0.4,,0,2,3.0,2,1.5,0,0,0,0.0,-0.14,0,0,0,0,0,0,0,,,0,Ligue-2,60,2021-2022
Mohamed Ouadah,dz ALG,"DF,MF",Dunkerque,27,1994,9,5,476,5.3,0,0,0,0,0,2,0,0.0,0.0,0.0,0.0,0.0,10,3,30.0,1.89,0.57,0.0,0.0,,53,37.8,84.0,3,4,14.0,0,1.11,2,8,-6,-1.13,-1.48,0,12,13,0,17,4,3,,,0,Ligue-2,60,2021-2022
Mohamed Youssouf,km COM,"DF,MF",Ajaccio,33,1988,9,7,586,6.5,0,0,0,0,0,2,0,0.0,0.0,0.0,0.0,0.0,0,0,,0.0,0.0,,,,65,46.5,79.0,6,2,15.0,0,2.11,11,3,8,1.23,1.23,0,8,7,1,12,7,4,,,0,Ligue-2,60,2021-2022
Mootaz Zemzemi,tn TUN,MF,Niort,22,1999,11,9,765,8.5,1,2,1,0,0,2,0,0.12,0.24,0.35,0.12,0.35,16,4,25.0,1.88,0.47,0.06,0.25,,70,60.7,81.0,4,2,19.0,0,1.55,11,8,3,0.35,0.53,0,10,11,2,35,3,6,,,0,Ligue-2,60,2021-2022
Morgan Guilavogui,fr FRA,"MF,FW",Paris FC,23,1998,12,9,674,7.5,4,1,4,0,0,1,0,0.53,0.13,0.67,0.53,0.67,21,8,38.1,2.8,1.07,0.19,0.5,,56,53.5,68.0,2,3,21.0,0,1.5,12,7,5,0.67,1.13,0,25,7,1,12,4,8,,,0,Ligue-2,60,2021-2022
Mounaim El Idrissy,fr FRA,FW,Ajaccio,22,1999,6,3,232,2.6,0,2,0,0,0,2,0,0.0,0.78,0.78,0.0,0.78,4,1,25.0,1.55,0.39,0.0,0.0,,39,18.4,73.0,0,3,5.0,1,1.67,4,1,3,1.16,0.73,0,8,6,1,5,1,1,,,0,Ligue-2,60,2021-2022
Moussa Diarra,fr FRA,DF,Toulouse,20,2000,9,6,573,6.4,0,0,0,0,0,0,0,0.0,0.0,0.0,0.0,0.0,3,0,0.0,0.47,0.0,0.0,,,64,45.5,88.0,5,3,15.0,5,2.33,14,6,8,1.26,-0.18,0,9,7,0,10,8,7,,,0,Ligue-2,60,2021-2022
Moussa Koné,sn SEN,FW,Nîmes,24,1996,7,3,321,3.6,4,0,3,1,1,4,0,1.12,0.0,1.12,0.84,0.84,11,5,45.5,3.08,1.4,0.27,0.6,,46,25.5,77.0,1,4,22.0,0,0.29,5,10,-5,-1.4,-1.59,0,3,7,1,1,0,1,,,0,Ligue-2,60,2021-2022
Moustapha Name,sn SEN,MF,Paris FC,26,1995,12,12,1080,12.0,1,1,1,0,0,2,0,0.08,0.08,0.17,0.08,0.17,22,6,27.3,1.83,0.5,0.05,0.17,,90,85.7,90.0,12,0,,0,1.75,17,13,4,0.33,1.33,0,11,18,0,21,5,15,,,0,Ligue-2,60,2021-2022
Naatan Skyttä,fi FIN,MF,Toulouse,19,2002,4,0,67,0.7,0,0,0,0,0,0,0,0.0,0.0,0.0,0.0,0.0,2,0,0.0,2.69,0.0,0.0,,,17,5.3,,0,4,17.0,5,1.75,1,0,1,1.34,-0.01,0,0,1,0,0,0,0,,,0,Ligue-2,60,2021-2022
Nabil Alioui,fr FRA,"MF,FW",Le Havre,22,1999,12,6,556,6.2,0,1,0,0,0,0,0,0.0,0.16,0.16,0.0,0.16,8,0,0.0,1.29,0.0,0.0,,,46,44.1,79.0,1,6,14.0,0,1.92,3,2,1,0.16,-0.48,0,7,17,1,28,3,3,,,0,Ligue-2,60,2021-2022
Nadjib Cisse,ml MLI,DF,Quevilly-Rouen,20,2000,2,0,49,0.5,0,0,0,0,0,0,0,0.0,0.0,0.0,0.0,0.0,0,0,,0.0,0.0,,,,25,3.9,,0,2,25.0,7,1.5,2,0,2,3.67,4.27,0,0,1,0,0,0,2,,,0,Ligue-2,60,2021-2022
Naomichi Ueda,jp JPN,DF,Nîmes,27,1994,12,12,1074,11.9,0,0,0,0,0,1,0,0.0,0.0,0.0,0.0,0.0,5,2,40.0,0.42,0.17,0.0,0.0,,90,85.2,90.0,11,0,,2,1.17,15,16,-1,-0.08,0.88,0,4,9,1,1,8,8,,,0,Ligue-2,60,2021-2022
Nassim Ouammou,ma MAR,MF,Rodez Aveyron,28,1993,12,9,761,8.5,1,3,1,0,0,1,0,0.12,0.35,0.47,0.12,0.47,9,4,44.4,1.06,0.47,0.11,0.25,,63,60.4,76.0,3,3,24.0,1,1.33,9,9,0,0.0,-0.18,0,7,8,0,74,11,4,,,0,Ligue-2,60,2021-2022
Nathan Dekoke,fr FRA,DF,Quevilly-Rouen,25,1996,9,9,795,8.8,0,0,0,0,0,1,0,0.0,0.0,0.0,0.0,0.0,0,0,,0.0,0.0,,,,88,63.1,88.0,7,0,,1,1.11,7,12,-5,-0.57,-0.37,0,13,6,0,7,12,13,,,0,Ligue-2,60,2021-2022
Nathan Monzango,fr FRA,DF,Amiens,20,2001,2,2,180,2.0,0,0,0,0,0,0,0,0.0,0.0,0.0,0.0,0.0,1,0,0.0,0.5,0.0,0.0,,,90,14.3,90.0,2,0,,3,0.0,2,6,-4,-2.0,-2.17,0,2,0,0,0,1,2,,,0,Ligue-2,60,2021-2022
Nathan N'Goumou,fr FRA,"MF,FW",Toulouse,21,2000,13,7,822,9.1,4,3,4,0,0,1,0,0.44,0.33,0.77,0.44,0.77,15,8,53.3,1.64,0.88,0.27,0.5,,63,65.2,88.0,4,6,35.0,0,2.15,22,7,15,1.64,0.82,0,9,12,3,33,4,4,,,0,Ligue-2,60,2021-2022
Nathan Trott,eng ENG,GK,Nancy,22,1998,11,11,990,11.0,0,0,0,0,0,1,0,0.0,0.0,0.0,0.0,0.0,0,0,,0.0,0.0,,,,90,78.6,90.0,11,0,,2,0.64,6,19,-13,-1.18,-0.85,0,1,2,0,0,0,0,,,0,Ligue-2,60,2021-2022
Neil El Aynaoui,fr FRA,MF,Nancy,20,2001,6,2,161,1.8,0,0,0,0,0,2,0,0.0,0.0,0.0,0.0,0.0,4,1,25.0,2.24,0.56,0.0,0.0,,27,12.8,45.0,0,4,18.0,1,0.5,1,3,-2,-1.12,-0.14,0,4,7,0,0,3,3,,,0,Ligue-2,60,2021-2022
Nicholas Gioacchini,us USA,FW,Caen,21,2000,3,1,116,1.3,0,0,0,0,0,0,0,0.0,0.0,0.0,0.0,0.0,1,0,0.0,0.78,0.0,0.0,,,39,9.2,75.0,0,2,21.0,0,1.33,0,1,-1,-0.78,-0.85,0,4,3,0,0,2,3,,,0,Ligue-2,60,2021-2022
Niclas Eliasson,se SWE,MF,Nîmes,25,1995,13,11,960,10.7,3,1,3,0,0,0,0,0.28,0.09,0.37,0.28,0.37,10,4,40.0,0.94,0.37,0.3,0.75,,74,76.2,83.0,6,2,24.0,0,0.85,13,15,-2,-0.19,0.11,0,11,21,5,41,2,7,,,0,Ligue-2,60,2021-2022
Nicolas Bruneel,fr FRA,MF,Dunkerque,24,1997,12,7,588,6.5,1,0,1,0,0,2,0,0.15,0.0,0.15,0.15,0.15,9,1,11.1,1.38,0.15,0.11,1.0,,49,46.7,71.0,1,5,18.0,1,1.33,6,8,-2,-0.31,-0.17,0,11,20,0,3,5,14,,,0,Ligue-2,60,2021-2022
Nicolas Lemaître,fr FRA,GK,Quevilly-Rouen,24,1997,14,14,1260,14.0,0,0,0,0,0,1,0,0.0,0.0,0.0,0.0,0.0,0,0,,0.0,0.0,,,,90,100.0,90.0,14,0,,0,1.14,13,19,-6,-0.43,,0,1,4,0,0,0,1,,,0,Ligue-2,60,2021-2022
Nicolas Mercier,fr FRA,FW,Auxerre,18,2003,3,0,34,0.4,0,1,0,0,0,0,0,0.0,2.65,2.65,0.0,2.65,1,0,0.0,2.65,0.0,0.0,,,11,2.7,,0,3,11.0,6,2.0,1,1,0,0.0,-0.51,0,1,0,0,0,0,0,,,0,Ligue-2,60,2021-2022
Noah Diliberto,fr FRA,MF,Valenciennes,20,2001,1,0,13,0.1,0,0,0,0,0,0,0,0.0,0.0,0.0,0.0,0.0,0,0,,0.0,0.0,,,,13,1.0,,0,1,13.0,0,0.0,0,0,0,0.0,0.72,0,0,0,0,0,1,1,,,0,Ligue-2,60,2021-2022
Nolan Mbemba,cg CGO,DF,Le Havre,26,1995,9,9,720,8.0,0,0,0,0,0,0,0,0.0,0.0,0.0,0.0,0.0,5,0,0.0,0.62,0.0,0.0,,,80,57.1,80.0,6,0,,1,1.78,7,4,3,0.37,-0.13,0,7,6,0,5,14,8,,,0,Ligue-2,60,2021-2022
Norman Bassette,be BEL,FW,Caen,16,2004,1,0,6,0.1,0,0,0,0,0,0,0,0.0,0.0,0.0,0.0,0.0,0,0,,0.0,0.0,,,,6,0.5,,0,1,6.0,1,0.0,0,0,0,0.0,0.0,0,0,0,0,0,0,0,,,0,Ligue-2,60,2021-2022
Nuno da Costa,cv CPV,MF,Caen,30,1991,3,1,110,1.2,0,0,0,0,0,1,0,0.0,0.0,0.0,0.0,0.0,3,1,33.3,2.45,0.82,0.0,0.0,,37,8.7,63.0,0,2,24.0,0,0.67,0,3,-3,-2.45,-2.69,0,0,3,0,1,0,1,,,0,Ligue-2,60,2021-2022
Ogou Akichi,ci CIV,"MF,DF",Nancy,31,1990,9,7,649,7.2,0,1,0,0,0,1,0,0.0,0.14,0.14,0.0,0.14,1,0,0.0,0.14,0.0,0.0,,,72,51.5,90.0,7,2,10.0,1,0.67,5,12,-7,-0.97,0.06,0,10,9,0,0,10,8,,,0,Ligue-2,60,2021-2022
Olivier Boissy,sn SEN,FW,Grenoble,22,1999,8,0,137,1.5,0,0,0,0,0,0,0,0.0,0.0,0.0,0.0,0.0,3,0,0.0,1.97,0.0,0.0,,,17,10.9,,0,8,17.0,0,1.0,0,4,-4,-2.63,-2.63,0,0,1,1,1,0,2,,,0,Ligue-2,60,2021-2022
Olivier Kemen,fr FRA,FW,Niort,25,1996,1,1,90,1.0,0,0,0,0,0,0,0,0.0,0.0,0.0,0.0,0.0,4,1,25.0,4.0,1.0,0.0,0.0,,90,7.1,90.0,1,0,,0,1.0,0,0,0,0.0,-0.15,0,3,3,0,3,0,1,,,0,Ligue-2,60,2021-2022
Orges Bunjaku,ch SUI,MF,Grenoble,20,2001,12,2,375,4.2,0,0,0,0,0,2,0,0.0,0.0,0.0,0.0,0.0,1,0,0.0,0.24,0.0,0.0,,,31,29.8,85.0,1,10,21.0,2,1.25,1,9,-8,-1.92,-2.33,0,7,6,0,8,5,2,,,0,Ligue-2,60,2021-2022
Ottman Dadoune,fr FRA,"FW,MF",Quevilly-Rouen,27,1994,6,3,287,3.2,0,0,0,0,0,0,0,0.0,0.0,0.0,0.0,0.0,2,1,50.0,0.63,0.31,0.0,0.0,,48,22.8,81.0,2,3,14.0,2,1.17,2,4,-2,-0.63,-0.26,0,3,2,2,1,1,0,,,0,Ligue-2,60,2021-2022
Oumar Diakité,fr FRA,MF,Paris FC,18,2002,13,8,661,7.3,0,2,0,0,0,2,0,0.0,0.27,0.27,0.0,0.27,13,3,23.1,1.77,0.41,0.0,0.0,,51,52.5,68.0,1,5,24.0,1,1.54,8,11,-3,-0.41,-1.16,0,14,16,2,21,5,10,,,0,Ligue-2,60,2021-2022
Oumar Gonzalez,cm CMR,DF,Ajaccio,23,1998,12,12,1020,11.3,3,0,3,0,0,6,0,0.26,0.0,0.26,0.26,0.26,6,3,50.0,0.53,0.26,0.5,1.0,,85,81.0,85.0,9,0,,0,1.92,13,6,7,0.62,0.24,0,15,27,0,0,28,10,,,0,Ligue-2,60,2021-2022
Ousman Camara,fr FRA,"DF,MF",Paris FC,18,2003,13,9,926,10.3,0,0,0,0,0,2,0,0.0,0.0,0.0,0.0,0.0,3,2,66.7,0.29,0.19,0.0,0.0,,71,73.5,90.0,9,4,29.0,1,1.54,15,9,6,0.58,1.66,0,11,10,0,1,9,13,,,0,Ligue-2,60,2021-2022
Ousmane Kanté,gn GUI,DF,Paris FC,32,1989,11,11,954,10.6,1,0,1,0,0,4,0,0.09,0.0,0.09,0.09,0.09,10,3,30.0,0.94,0.28,0.1,0.33,,87,75.7,87.0,10,0,,0,1.36,11,12,-1,-0.09,-0.98,0,14,5,0,0,21,13,,,0,Ligue-2,60,2021-2022
Ousseynou Thioune,sn SEN,MF,Sochaux,27,1993,14,14,1168,13.0,0,0,0,0,0,3,0,0.0,0.0,0.0,0.0,0.0,5,2,40.0,0.39,0.15,0.0,0.0,,83,92.7,83.0,6,0,,0,2.0,11,6,5,0.39,-1.57,0,18,27,0,4,23,14,,,0,Ligue-2,60,2021-2022
Pablo Martinez,fr FRA,DF,Nîmes,32,1989,11,11,962,10.7,0,0,0,0,0,4,0,0.0,0.0,0.0,0.0,0.0,3,2,66.7,0.28,0.19,0.0,0.0,,87,76.3,87.0,10,0,,0,1.27,14,12,2,0.19,1.7,0,7,23,1,0,12,7,,,0,Ligue-2,60,2021-2022
Paolo Lebas,pt POR,MF,Ajaccio,18,2003,1,0,4,0.0,0,0,0,0,0,0,0,0.0,0.0,0.0,0.0,0.0,0,0,,0.0,0.0,,,,4,0.3,,0,1,4.0,0,3.0,0,0,0,0.0,-0.57,0,1,0,0,0,0,0,,,0,Ligue-2,60,2021-2022
Pape Ibnou Bâ,sn SEN,FW,Le Havre,28,1993,8,4,387,4.3,2,0,2,0,0,1,0,0.47,0.0,0.47,0.47,0.47,9,3,33.3,2.09,0.7,0.22,0.67,,48,30.7,67.0,0,4,30.0,0,1.88,5,4,1,0.23,-0.28,0,7,8,1,2,2,3,,,0,Ligue-2,60,2021-2022
Pape Ibnou Bâ,sn SEN,"FW,MF",Niort,28,1993,5,5,403,4.5,0,0,0,0,0,1,0,0.0,0.0,0.0,0.0,0.0,4,0,0.0,0.89,0.0,0.0,,,81,32.0,81.0,1,0,,0,1.4,3,4,-1,-0.22,-0.54,0,6,2,6,0,0,0,,,0,Ligue-2,60,2021-2022
Patrick Burner,mq MTQ,DF,Nîmes,25,1996,13,12,1011,11.2,0,1,0,0,0,2,0,0.0,0.09,0.09,0.0,0.09,8,3,37.5,0.71,0.27,0.0,0.0,,78,80.2,81.0,6,1,45.0,1,1.08,13,15,-2,-0.18,0.18,0,14,11,0,22,17,12,,,0,Ligue-2,60,2021-2022
Pedro Rebocho,pt POR,DF,Guingamp,26,1995,3,3,270,3.0,0,0,0,0,0,0,0,0.0,0.0,0.0,0.0,0.0,1,0,0.0,0.33,0.0,0.0,,,90,21.4,90.0,3,0,,0,0.67,1,3,-2,-0.67,-0.76,0,2,3,0,13,2,2,,,0,Ligue-2,60,2021-2022
Per Kristian Bråtveit,no NOR,GK,Nîmes,25,1996,11,11,945,10.5,0,0,0,0,0,0,0,0.0,0.0,0.0,0.0,0.0,0,0,,0.0,0.0,,,,86,75.0,86.0,10,0,,1,1.27,12,11,1,0.1,1.24,0,0,1,0,0,0,0,,,0,Ligue-2,60,2021-2022
Philipe Sampaio,br BRA,DF,Guingamp,26,1994,6,6,540,6.0,1,0,1,0,0,2,0,0.17,0.0,0.17,0.17,0.17,7,2,28.6,1.17,0.33,0.14,0.5,,90,42.9,90.0,6,0,,0,1.17,4,5,-1,-0.17,-0.17,0,15,8,1,0,8,6,,,0,Ligue-2,60,2021-2022
Pierre Bardy,fr FRA,DF,Rodez Aveyron,29,1992,10,9,822,9.1,0,0,0,0,0,2,0,0.0,0.0,0.0,0.0,0.0,6,0,0.0,0.66,0.0,0.0,,,82,65.2,86.0,7,1,45.0,2,1.2,9,11,-2,-0.22,-0.84,0,5,15,0,13,18,9,,,0,Ligue-2,60,2021-2022
Pierre Gibaud,fr FRA,DF,Le Havre,33,1988,11,11,990,11.0,0,0,0,0,0,2,0,0.0,0.0,0.0,0.0,0.0,7,2,28.6,0.64,0.18,0.0,0.0,,90,78.6,90.0,11,0,,0,1.82,11,5,6,0.55,0.55,0,5,5,1,1,11,8,,,0,Ligue-2,60,2021-2022
Pierre Lemonnier,fr FRA,DF,Guingamp,28,1993,9,9,756,8.4,0,0,0,0,0,1,0,0.0,0.0,0.0,0.0,0.0,2,0,0.0,0.24,0.0,0.0,,,84,60.0,84.0,8,0,,0,1.56,11,9,2,0.24,0.77,0,9,6,0,0,13,6,,,0,Ligue-2,60,2021-2022
Plamedi Buni Jorge,ao ANG,MF,Rodez Aveyron,21,2000,2,0,6,0.1,0,0,0,0,0,0,0,0.0,0.0,0.0,0.0,0.0,0,0,,0.0,0.0,,,,3,0.5,,0,2,3.0,0,3.0,0,0,0,0.0,-0.07,0,0,0,0,0,0,0,,,0,Ligue-2,60,2021-2022
Prince Oniangué,cg CGO,DF,Caen,33,1988,14,14,1224,13.6,0,0,0,0,0,0,0,0.0,0.0,0.0,0.0,0.0,8,1,12.5,0.59,0.07,0.0,0.0,,87,97.1,87.0,13,0,,0,1.14,15,16,-1,-0.07,-2.57,0,8,4,0,0,25,5,,,0,Ligue-2,60,2021-2022
Qazim Laçi,al ALB,MF,Ajaccio,25,1996,12,10,913,10.1,2,0,2,0,0,1,0,0.2,0.0,0.2,0.2,0.2,12,3,25.0,1.18,0.3,0.17,0.67,,76,72.5,88.0,8,2,16.0,0,1.83,10,7,3,0.3,-1.0,0,16,19,0,6,11,8,,,0,Ligue-2,60,2021-2022
Quentin Bernard,fr FRA,DF,Auxerre,32,1989,14,14,1260,14.0,0,2,0,0,0,1,0,0.0,0.14,0.14,0.0,0.14,4,0,0.0,0.29,0.0,0.0,,,90,100.0,90.0,14,0,,0,1.86,21,14,7,0.5,,0,17,6,2,36,21,17,,,0,Ligue-2,60,2021-2022
Quentin Braat,fr FRA,GK,Niort,24,1997,14,14,1260,14.0,0,0,0,0,0,1,0,0.0,0.0,0.0,0.0,0.0,0,0,,0.0,0.0,,,,90,100.0,90.0,14,0,,0,1.5,15,13,2,0.14,,0,1,2,0,0,0,0,,,0,Ligue-2,60,2021-2022
Quentin Cornette,fr FRA,"MF,FW",Le Havre,27,1994,14,11,868,9.6,4,2,4,0,0,1,0,0.41,0.21,0.62,0.41,0.62,28,14,50.0,2.9,1.45,0.14,0.29,,62,68.9,75.0,3,3,14.0,0,1.71,13,7,6,0.62,0.62,0,14,17,3,82,8,10,,,0,Ligue-2,60,2021-2022
Quentin Daubin,fr FRA,MF,Pau FC,26,1995,13,13,1102,12.2,0,0,0,0,0,4,0,0.0,0.0,0.0,0.0,0.0,8,4,50.0,0.65,0.33,0.0,0.0,,85,87.5,85.0,9,0,,0,1.54,12,10,2,0.16,0.16,0,21,25,0,0,28,38,,,0,Ligue-2,60,2021-2022
Quentin Lecoeuche,fr FRA,MF,Valenciennes,27,1994,6,5,445,4.9,0,0,0,0,0,2,0,0.0,0.0,0.0,0.0,0.0,0,0,,0.0,0.0,,,,74,35.3,85.0,1,1,21.0,2,0.67,5,10,-5,-1.01,-0.46,0,6,8,1,32,5,2,,,0,Ligue-2,60,2021-2022
Rafael Ratão,br BRA,MF,Toulouse,25,1995,4,2,164,1.8,2,0,2,0,0,1,0,1.1,0.0,1.1,1.1,1.1,5,2,40.0,2.74,1.1,0.4,1.0,,41,13.0,59.0,0,2,24.0,0,1.5,6,1,5,2.74,1.59,0,1,4,1,2,2,0,,,0,Ligue-2,60,2021-2022
Rasmus Nicolaisen,dk DEN,"DF,MF",Toulouse,24,1997,8,8,720,8.0,1,0,1,0,0,2,0,0.12,0.0,0.12,0.12,0.12,10,1,10.0,1.25,0.12,0.1,1.0,,90,57.1,90.0,8,0,,0,1.63,19,9,10,1.25,-0.25,0,13,7,0,0,21,3,,,0,Ligue-2,60,2021-2022
Rassoul Ndiaye,fr FRA,MF,Sochaux,19,2001,11,4,439,4.9,1,0,1,0,0,3,0,0.21,0.0,0.21,0.21,0.21,6,1,16.7,1.23,0.21,0.17,1.0,,40,34.8,78.0,1,7,18.0,2,2.0,4,2,2,0.41,-0.14,0,11,6,0,2,7,5,,,0,Ligue-2,60,2021-2022
Redouane Kerrouche,fr FRA,"MF,DF",Dunkerque,27,1994,9,7,591,6.6,0,0,0,0,0,2,0,0.0,0.0,0.0,0.0,0.0,4,1,25.0,0.61,0.15,0.0,0.0,,66,46.9,79.0,2,2,20.0,1,1.44,8,8,0,0.0,0.4,0,16,14,0,4,11,2,,,0,Ligue-2,60,2021-2022
Rhys Healey,wls WAL,FW,Toulouse,26,1994,13,13,1061,11.8,7,3,7,0,0,4,0,0.59,0.25,0.85,0.59,0.85,40,18,45.0,3.39,1.53,0.18,0.39,,82,84.2,82.0,6,0,,0,2.15,30,11,19,1.61,1.61,0,23,15,19,3,3,4,,,0,Ligue-2,60,2021-2022
Riad Nouri,fr FRA,MF,Ajaccio,36,1985,14,8,785,8.7,4,0,4,0,0,1,0,0.46,0.0,0.46,0.46,0.46,17,5,29.4,1.95,0.57,0.24,0.8,,56,62.3,77.0,2,6,28.0,0,1.79,10,5,5,0.57,0.0,0,11,6,2,35,6,11,,,0,Ligue-2,60,2021-2022
Roger Assalé,ci CIV,"MF,FW",Dijon,27,1993,4,2,149,1.7,2,0,2,0,0,0,0,1.21,0.0,1.21,1.21,1.21,3,3,100.0,1.81,1.81,0.67,0.67,,37,11.8,55.0,1,2,20.0,0,0.25,3,4,-1,-0.6,-0.2,0,2,6,0,1,0,0,,,0,Ligue-2,60,2021-2022
Romain Armand,fr FRA,MF,Pau FC,34,1987,13,12,1028,11.4,1,2,1,0,0,1,0,0.09,0.18,0.26,0.09,0.26,21,10,47.6,1.84,0.88,0.05,0.1,,79,81.6,84.0,5,1,25.0,0,1.54,11,11,0,0.0,-0.78,0,7,16,4,41,6,4,,,0,Ligue-2,60,2021-2022
Romain Padovani,fr FRA,DF,Quevilly-Rouen,32,1989,9,8,676,7.5,1,0,1,0,0,0,0,0.13,0.0,0.13,0.13,0.13,1,1,100.0,0.13,0.13,1.0,1.0,,75,53.7,84.0,7,1,1.0,0,1.22,7,12,-5,-0.67,-0.51,0,2,3,0,0,16,8,,,0,Ligue-2,60,2021-2022
Romain Philippoteaux,fr FRA,MF,Dijon,33,1988,5,4,322,3.6,0,0,0,0,0,0,0,0.0,0.0,0.0,0.0,0.0,2,1,50.0,0.56,0.28,0.0,0.0,,64,25.6,73.0,0,1,30.0,0,1.8,2,4,-2,-0.56,-0.18,0,1,2,2,9,1,2,,,0,Ligue-2,60,2021-2022
Rosario Latouchent,mq MTQ,"MF,DF",Nancy,25,1996,6,6,508,5.6,1,0,1,0,0,0,0,0.18,0.0,0.18,0.18,0.18,5,1,20.0,0.89,0.18,0.2,1.0,,85,40.3,85.0,4,0,,5,0.67,4,11,-7,-1.24,-0.4,0,6,2,0,21,5,3,,,0,Ligue-2,60,2021-2022
Ruben Gabrielsen,no NOR,DF,Toulouse,29,1992,6,6,540,6.0,1,0,1,0,0,1,0,0.17,0.0,0.17,0.17,0.17,2,1,50.0,0.33,0.17,0.5,1.0,,90,42.9,90.0,6,0,,0,2.67,13,4,9,1.5,0.25,0,5,5,0,0,10,2,,,0,Ligue-2,60,2021-2022
Régis Gurtner,fr FRA,GK,Amiens,34,1986,14,14,1260,14.0,0,0,0,0,0,0,0,0.0,0.0,0.0,0.0,0.0,0,0,,0.0,0.0,,,,90,100.0,90.0,14,0,,0,0.93,14,16,-2,-0.14,,0,0,4,0,0,0,0,,,0,Ligue-2,60,2021-2022
Rémy Boissier,fr FRA,MF,Rodez Aveyron,27,1994,14,13,1161,12.9,1,2,1,0,0,1,0,0.08,0.16,0.23,0.08,0.23,15,6,40.0,1.16,0.47,0.07,0.17,,83,92.1,87.0,7,1,26.0,0,1.36,16,14,2,0.16,1.06,0,21,17,2,68,13,13,,,0,Ligue-2,60,2021-2022
Rémy Dugimont,fr FRA,"MF,FW",Auxerre,35,1986,5,2,164,1.8,0,0,0,0,0,0,1,0.0,0.0,0.0,0.0,0.0,2,1,50.0,1.1,0.55,0.0,0.0,,33,13.0,69.0,1,3,9.0,1,1.6,2,6,-4,-2.2,-3.1,0,2,8,1,5,0,0,,,0,Ligue-2,60,2021-2022
Rémy Riou,fr FRA,GK,Caen,34,1987,14,14,1260,14.0,0,0,0,0,0,1,0,0.0,0.0,0.0,0.0,0.0,0,0,,0.0,0.0,,,,90,100.0,90.0,14,0,,0,1.14,16,16,0,0.0,,0,1,5,0,0,0,0,,,0,Ligue-2,60,2021-2022
Said Arab,fr FRA,FW,Paris FC,21,2000,2,0,24,0.3,0,0,0,0,0,0,0,0.0,0.0,0.0,0.0,0.0,1,0,0.0,3.75,0.0,0.0,,,12,1.9,,0,2,12.0,4,3.0,0,0,0,0.0,-0.15,0,2,0,0,0,0,0,,,0,Ligue-2,60,2021-2022
Saliou Ciss,sn SEN,"MF,DF",Nancy,32,1989,8,8,670,7.4,0,0,0,0,0,0,0,0.0,0.0,0.0,0.0,0.0,9,3,33.3,1.21,0.4,0.0,0.0,,84,53.2,84.0,5,0,,0,0.38,3,12,-9,-1.21,-0.45,0,7,13,0,17,12,4,,,0,Ligue-2,60,2021-2022
Sam Sanna,fr FRA,MF,Toulouse,22,1999,4,0,70,0.8,0,0,0,0,0,0,0,0.0,0.0,0.0,0.0,0.0,2,0,0.0,2.57,0.0,0.0,,,18,5.6,,0,4,18.0,9,2.5,3,2,1,1.29,-0.08,0,0,0,0,1,1,1,,,0,Ligue-2,60,2021-2022
Sambou Yatabaré,ml MLI,MF,Valenciennes,32,1989,9,6,554,6.2,1,0,1,0,0,3,0,0.16,0.0,0.16,0.16,0.16,8,1,12.5,1.3,0.16,0.13,1.0,,62,44.0,81.0,4,3,22.0,0,0.89,7,13,-6,-0.97,-0.46,0,17,5,1,17,7,11,,,0,Ligue-2,60,2021-2022
Sami Belkorchia,fr FRA,DF,Quevilly-Rouen,26,1995,1,0,7,0.1,0,0,0,0,0,0,0,0.0,0.0,0.0,0.0,0.0,0,0,,0.0,0.0,,,,7,0.6,,0,1,7.0,1,0.0,0,0,0,0.0,0.43,0,0,0,0,0,0,0,,,0,Ligue-2,60,2021-2022
Samir Bouzar,fr FRA,DF,Nancy,22,1999,1,1,45,0.5,0,0,0,0,0,0,0,0.0,0.0,0.0,0.0,0.0,0,0,,0.0,0.0,,,,45,3.6,45.0,0,0,,1,0.0,0,3,-3,-6.0,-5.19,0,0,0,0,0,0,1,,,0,Ligue-2,60,2021-2022
Samir Chergui,fr FRA,DF,Paris FC,22,1999,14,13,1184,13.2,0,0,0,0,0,0,0,0.0,0.0,0.0,0.0,0.0,3,1,33.3,0.23,0.08,0.0,0.0,,85,94.0,90.0,13,1,14.0,0,1.5,17,15,2,0.15,0.15,0,12,4,0,3,18,8,,,0,Ligue-2,60,2021-2022
Samuel Essende,fr FRA,FW,Pau FC,23,1998,12,4,401,4.5,2,0,2,0,0,1,0,0.45,0.0,0.45,0.45,0.45,14,8,57.1,3.14,1.8,0.14,0.25,,33,31.8,59.0,0,8,21.0,2,1.25,4,4,0,0.0,-0.21,0,17,3,3,1,0,2,,,0,Ligue-2,60,2021-2022
Samuel Renel,fr FRA,MF,Niort,20,2001,10,2,240,2.7,2,0,2,0,0,0,0,0.75,0.0,0.75,0.75,0.75,5,3,60.0,1.87,1.13,0.4,0.67,,24,19.0,73.0,1,8,12.0,2,1.3,2,3,-1,-0.37,-0.64,0,7,3,0,7,1,4,,,0,Ligue-2,60,2021-2022
Samuel Yohou,fr FRA,DF,Dunkerque,30,1991,5,5,411,4.6,0,0,0,0,0,0,0,0.0,0.0,0.0,0.0,0.0,2,1,50.0,0.44,0.22,0.0,0.0,,82,32.6,82.0,2,0,,3,2.0,7,4,3,0.66,1.29,0,1,5,1,0,12,2,,,0,Ligue-2,60,2021-2022
Samy Benchamma,fr FRA,MF,Niort,21,2000,12,6,622,6.9,0,0,0,0,0,0,0,0.0,0.0,0.0,0.0,0.0,3,2,66.7,0.43,0.29,0.0,0.0,,52,49.4,79.0,1,6,25.0,2,1.67,5,7,-2,-0.29,-0.85,0,14,2,0,1,8,13,,,0,Ligue-2,60,2021-2022
Samy Faraj,fr FRA,MF,Sochaux,20,2001,2,0,33,0.4,0,0,0,0,0,0,0,0.0,0.0,0.0,0.0,0.0,2,1,50.0,5.45,2.73,0.0,0.0,,17,2.6,,0,2,17.0,1,3.0,1,0,1,2.73,2.29,0,1,2,1,0,1,0,,,0,Ligue-2,60,2021-2022
Saturnin Allagbé,bj BEN,GK,Valenciennes,27,1993,7,7,630,7.0,0,0,0,0,0,0,0,0.0,0.0,0.0,0.0,0.0,0,0,,0.0,0.0,,,,90,50.0,90.0,7,0,,1,0.71,4,11,-7,-1.0,-0.57,0,0,0,0,0,0,2,,,0,Ligue-2,60,2021-2022
Sebastien Salles-Lamonge,fr FRA,MF,Bastia,25,1996,13,12,978,10.9,0,3,0,0,0,0,0,0.0,0.28,0.28,0.0,0.28,10,2,20.0,0.92,0.18,0.0,0.0,,75,77.6,80.0,6,1,22.0,0,0.85,8,11,-3,-0.28,0.36,0,9,16,2,48,15,10,,,0,Ligue-2,60,2021-2022
Senou Coulibaly,ml MLI,DF,Dijon,27,1994,12,11,979,10.9,1,0,1,0,0,3,0,0.09,0.0,0.09,0.09,0.09,9,1,11.1,0.83,0.09,0.11,1.0,,82,77.7,88.0,10,1,6.0,0,1.08,9,14,-5,-0.46,-0.14,0,9,15,0,0,16,7,,,0,Ligue-2,60,2021-2022
Sessi D'Almeida,bj BEN,MF,Valenciennes,25,1995,7,6,459,5.1,0,0,0,0,0,3,0,0.0,0.0,0.0,0.0,0.0,3,0,0.0,0.59,0.0,0.0,,,66,36.4,75.0,3,1,11.0,2,0.71,3,4,-1,-0.2,0.82,0,15,6,0,2,10,4,,,0,Ligue-2,60,2021-2022
Shaquil Delos,fr FRA,"DF,MF",Nancy,22,1999,14,12,1123,12.5,0,1,0,0,0,1,0,0.0,0.08,0.08,0.0,0.08,4,2,50.0,0.32,0.16,0.0,0.0,,80,89.1,90.0,12,2,22.0,0,0.64,8,17,-9,-0.72,2.56,0,12,14,1,31,28,17,,,0,Ligue-2,60,2021-2022
Sidi Cissé,fr FRA,FW,Niort,18,2003,6,0,65,0.7,0,0,0,0,0,0,0,0.0,0.0,0.0,0.0,0.0,1,1,100.0,1.38,1.38,0.0,0.0,,11,5.2,,0,6,11.0,3,1.5,1,2,-1,-1.38,-1.61,0,2,3,0,0,0,1,,,0,Ligue-2,60,2021-2022
Sidy Diagne,fr FRA,DF,Sochaux,19,2002,1,0,13,0.1,0,0,0,0,0,0,0,0.0,0.0,0.0,0.0,0.0,0,0,,0.0,0.0,,,,13,1.0,,0,1,13.0,5,3.0,1,0,1,6.92,6.49,0,0,0,0,0,1,0,,,0,Ligue-2,60,2021-2022
Sieben Dewaele,be BEL,MF,Nancy,22,1999,7,6,496,5.5,0,0,0,0,0,2,0,0.0,0.0,0.0,0.0,0.0,0,0,,0.0,0.0,,,,71,39.4,82.0,1,1,7.0,0,1.0,3,7,-4,-0.73,0.45,0,8,5,0,24,3,4,,,0,Ligue-2,60,2021-2022
Soares,gw GNB,DF,Nancy,20,2001,1,0,2,0.0,0,0,0,0,0,0,0,0.0,0.0,0.0,0.0,0.0,0,0,,0.0,0.0,,,,2,0.2,,0,1,2.0,1,0.0,0,0,0,0.0,1.0,0,0,0,0,0,0,0,,,0,Ligue-2,60,2021-2022
Souleymane Cissé,sn SEN,MF,Grenoble,30,1991,6,4,363,4.0,0,1,0,0,0,2,0,0.0,0.25,0.25,0.0,0.25,3,1,33.3,0.74,0.25,0.0,0.0,,61,28.8,79.0,1,2,23.0,1,1.17,4,4,0,0.0,0.4,0,3,4,0,4,6,2,,,0,Ligue-2,60,2021-2022
Souleymane Diarra,ml MLI,MF,Guingamp,26,1995,12,11,881,9.8,0,1,0,0,0,4,0,0.0,0.1,0.1,0.0,0.1,9,0,0.0,0.92,0.0,0.0,,,73,69.9,79.0,5,1,17.0,1,1.42,12,12,0,0.0,0.24,0,14,18,0,4,20,10,,,0,Ligue-2,60,2021-2022
Souleymane Djimou Cissé,sn SEN,DF,Quevilly-Rouen,22,1999,1,0,64,0.7,0,0,0,0,0,0,0,0.0,0.0,0.0,0.0,0.0,0,0,,0.0,0.0,,,,64,5.1,,0,1,64.0,2,0.0,0,1,-1,-1.41,-1.03,0,0,1,0,0,1,2,,,0,Ligue-2,60,2021-2022
Souleymane Karamoko,fr FRA,"DF,MF",Nancy,29,1992,11,9,842,9.4,0,0,0,0,0,0,0,0.0,0.0,0.0,0.0,0.0,1,1,100.0,0.11,0.11,0.0,0.0,,77,66.8,90.0,9,2,16.0,2,0.36,6,18,-12,-1.28,-0.85,0,14,22,0,44,11,16,,,0,Ligue-2,60,2021-2022
Souleymane Touré,fr FRA,DF,Le Havre,18,2003,7,4,398,4.4,0,0,0,0,0,1,0,0.0,0.0,0.0,0.0,0.0,2,1,50.0,0.45,0.23,0.0,0.0,,57,31.6,79.0,2,3,28.0,2,2.29,6,3,3,0.68,0.37,0,3,6,1,0,6,3,,,0,Ligue-2,60,2021-2022
Steeve Beusnard,fr FRA,MF,Pau FC,29,1992,9,8,670,7.4,0,0,0,0,0,2,0,0.0,0.0,0.0,0.0,0.0,7,1,14.3,0.94,0.13,0.0,0.0,,74,53.2,80.0,3,1,29.0,0,1.0,4,9,-5,-0.67,-1.74,0,15,17,0,1,5,11,,,0,Ligue-2,60,2021-2022
Stephen Quemper,fr FRA,DF,Bastia,28,1993,12,12,1070,11.9,0,1,0,0,0,3,0,0.0,0.08,0.08,0.0,0.08,0,0,,0.0,0.0,,,,89,84.9,89.0,11,0,,0,0.83,8,13,-5,-0.42,-0.42,0,12,8,1,31,19,20,,,0,Ligue-2,60,2021-2022
Steve Ambri,fr FRA,MF,Sochaux,24,1997,10,3,401,4.5,1,2,0,1,1,3,0,0.22,0.45,0.67,0.0,0.45,9,2,22.2,2.02,0.45,0.0,0.0,,40,31.8,76.0,1,7,25.0,0,1.9,6,3,3,0.67,0.25,0,15,17,3,7,3,6,,,0,Ligue-2,60,2021-2022
Steve Mvoué,cm CMR,MF,Toulouse,19,2002,1,1,65,0.7,1,0,1,0,0,0,0,1.38,0.0,1.38,1.38,1.38,1,1,100.0,1.38,1.38,1.0,1.0,,65,5.2,65.0,0,0,,3,3.0,4,0,4,5.54,4.41,0,0,0,0,1,2,0,,,0,Ligue-2,60,2021-2022
Steve Shamal,fr FRA,MF,Caen,25,1996,13,5,595,6.6,1,0,1,0,0,0,0,0.15,0.0,0.15,0.15,0.15,14,2,14.3,2.12,0.3,0.07,0.5,,46,47.2,70.0,1,8,31.0,0,1.23,7,4,3,0.45,0.86,0,8,5,2,25,6,5,,,0,Ligue-2,60,2021-2022
Stijn Spierings,nl NED,"MF,DF",Toulouse,25,1996,13,10,903,10.0,1,3,1,0,0,4,0,0.1,0.3,0.4,0.1,0.4,8,2,25.0,0.8,0.2,0.13,0.5,,69,71.7,87.0,8,3,11.0,0,2.0,19,10,9,0.9,-1.62,0,14,7,0,6,18,14,,,0,Ligue-2,60,2021-2022
Stéphane Lambèse,ht HAI,DF,Quevilly-Rouen,26,1995,4,2,146,1.6,0,0,0,0,0,0,0,0.0,0.0,0.0,0.0,0.0,0,0,,0.0,0.0,,,,37,11.6,47.0,0,2,27.0,0,0.25,1,2,-1,-0.62,-0.21,0,5,1,0,3,3,2,,,0,Ligue-2,60,2021-2022
Stéphane Zobo,cm CMR,FW,Toulouse,21,2000,1,0,11,0.1,0,0,0,0,0,0,0,0.0,0.0,0.0,0.0,0.0,1,1,100.0,8.18,8.18,0.0,0.0,,11,0.9,,0,1,11.0,1,1.0,0,0,0,0.0,-1.37,0,0,0,0,0,0,1,,,0,Ligue-2,60,2021-2022
Taïryk Arconte,fr FRA,FW,Ajaccio,17,2003,7,0,114,1.3,0,0,0,0,0,0,0,0.0,0.0,0.0,0.0,0.0,1,0,0.0,0.79,0.0,0.0,,,16,9.0,,0,7,16.0,1,1.43,0,0,0,0.0,-0.63,0,7,3,3,4,0,2,,,0,Ligue-2,60,2021-2022
Terell Ondaan,gy GUY,MF,Grenoble,28,1993,2,2,113,1.3,0,0,0,0,0,0,0,0.0,0.0,0.0,0.0,0.0,1,0,0.0,0.8,0.0,0.0,,,57,9.0,57.0,0,0,,0,0.5,0,2,-2,-1.59,-1.44,0,1,2,1,4,2,1,,,0,Ligue-2,60,2021-2022
Thibault Campanini,fr FRA,"DF,MF",Paris FC,23,1998,5,3,208,2.3,0,0,0,0,0,0,0,0.0,0.0,0.0,0.0,0.0,2,1,50.0,0.87,0.43,0.0,0.0,,42,16.5,62.0,0,2,12.0,5,1.2,2,2,0,0.0,-0.17,0,3,2,0,8,2,2,,,0,Ligue-2,60,2021-2022
Thierno Balde,fr FRA,DF,Le Havre,19,2002,11,10,856,9.5,0,0,0,0,0,0,0,0.0,0.0,0.0,0.0,0.0,0,0,,0.0,0.0,,,,78,67.9,86.0,5,1,1.0,2,1.82,9,5,4,0.42,-0.02,0,3,9,0,5,11,10,,,0,Ligue-2,60,2021-2022
Thomas Basila,fr FRA,DF,Nancy,22,1999,8,7,664,7.4,0,0,0,0,0,3,1,0.0,0.0,0.0,0.0,0.0,1,0,0.0,0.14,0.0,0.0,,,83,52.7,90.0,6,1,35.0,0,1.0,6,8,-2,-0.27,1.54,1,10,6,0,1,7,1,,,0,Ligue-2,60,2021-2022
Thomas Vannoye,fr FRA,DF,Dunkerque,23,1998,9,7,721,8.0,0,0,0,0,0,1,0,0.0,0.0,0.0,0.0,0.0,4,0,0.0,0.5,0.0,0.0,,,80,57.2,90.0,7,2,46.0,0,0.67,5,11,-6,-0.75,-1.25,0,7,4,1,2,24,13,,,1,Ligue-2,60,2021-2022
Thomas Vincensini,fr FRA,GK,Bastia,28,1993,14,14,1260,14.0,0,0,0,0,0,0,0,0.0,0.0,0.0,0.0,0.0,0,0,,0.0,0.0,,,,90,100.0,90.0,14,0,,0,0.86,9,14,-5,-0.36,,0,0,1,0,0,0,0,,,0,Ligue-2,60,2021-2022
Théo Emmanuelli,fr FRA,FW,Ajaccio,21,2000,1,0,5,0.1,0,0,0,0,0,0,0,0.0,0.0,0.0,0.0,0.0,0,0,,0.0,0.0,,,,5,0.4,,0,1,5.0,1,1.0,0,0,0,0.0,-0.57,0,1,0,0,0,0,0,,,0,Ligue-2,60,2021-2022
Théo Pellenard,fr FRA,DF,Auxerre,27,1994,14,14,1260,14.0,0,0,0,0,0,1,0,0.0,0.0,0.0,0.0,0.0,0,0,,0.0,0.0,,,,90,100.0,90.0,14,0,,0,1.86,21,14,7,0.5,,0,10,7,0,1,14,13,,,0,Ligue-2,60,2021-2022
Théo Sainte-Luce,fr FRA,DF,Nîmes,23,1998,14,14,1245,13.8,1,1,1,0,0,2,0,0.07,0.07,0.14,0.07,0.14,7,1,14.3,0.51,0.07,0.14,1.0,,89,98.8,89.0,12,0,,0,1.0,16,17,-1,-0.07,11.93,0,13,9,1,42,24,27,,,0,Ligue-2,60,2021-2022
Till Cissokho,fr FRA,DF,Quevilly-Rouen,21,2000,12,12,1018,11.3,0,0,0,0,0,1,1,0.0,0.0,0.0,0.0,0.0,1,0,0.0,0.09,0.0,0.0,,,85,80.8,85.0,10,0,,0,1.0,11,17,-6,-0.53,-0.53,0,15,5,0,0,19,7,,,0,Ligue-2,60,2021-2022
Toluwalas Arokodare,ng NGA,FW,Amiens,20,2000,11,3,412,4.6,3,1,2,1,1,2,1,0.66,0.22,0.87,0.44,0.66,16,6,37.5,3.5,1.31,0.13,0.33,,37,32.7,68.0,1,8,26.0,0,1.0,7,8,-1,-0.22,-0.11,1,12,6,4,2,1,2,,,0,Ligue-2,60,2021-2022
Tom Ducrocq,fr FRA,MF,Bastia,22,1999,13,11,1033,11.5,0,0,0,0,0,3,0,0.0,0.0,0.0,0.0,0.0,5,1,20.0,0.44,0.09,0.0,0.0,,79,82.0,88.0,10,2,34.0,0,0.85,7,9,-2,-0.17,1.02,0,20,9,0,7,21,20,,,0,Ligue-2,60,2021-2022
Tom Lebeau,fr FRA,"MF,FW",Niort,23,1998,8,3,252,2.8,0,0,0,0,0,0,0,0.0,0.0,0.0,0.0,0.0,2,0,0.0,0.71,0.0,0.0,,,32,20.0,64.0,0,5,12.0,6,0.75,0,4,-4,-1.43,-1.96,0,5,7,0,14,4,3,,,0,Ligue-2,60,2021-2022
Tom Rapnouil,fr FRA,MF,Toulouse,20,2001,2,0,77,0.9,0,0,0,0,0,0,0,0.0,0.0,0.0,0.0,0.0,0,0,,0.0,0.0,,,,39,6.1,,0,2,39.0,2,3.0,0,0,0,0.0,-1.45,0,0,0,0,2,0,0,,,0,Ligue-2,60,2021-2022
Tony Mauricio,fr FRA,MF,Sochaux,27,1994,14,14,1179,13.1,1,1,1,0,0,1,0,0.08,0.08,0.15,0.08,0.15,15,5,33.3,1.15,0.38,0.07,0.2,,84,93.6,84.0,7,0,,0,2.0,13,7,6,0.46,-0.65,0,12,30,0,54,11,20,,,0,Ligue-2,60,2021-2022
Tristan Muyumba,cd COD,MF,Guingamp,24,1997,12,9,811,9.0,1,0,1,0,0,4,0,0.11,0.0,0.11,0.11,0.11,7,2,28.6,0.78,0.22,0.14,0.5,,68,64.4,85.0,4,3,15.0,1,1.25,11,12,-1,-0.11,-0.11,0,12,7,0,1,10,20,,,0,Ligue-2,60,2021-2022
Tyron Tormin,fr FRA,MF,Niort,20,2001,2,1,82,0.9,0,0,0,0,0,0,0,0.0,0.0,0.0,0.0,0.0,1,0,0.0,1.1,0.0,0.0,,,41,6.5,70.0,0,1,12.0,2,0.5,0,2,-2,-2.2,-2.5,0,0,2,0,0,2,4,,,0,Ligue-2,60,2021-2022
Ugo Bonnet,fr FRA,FW,Rodez Aveyron,28,1993,14,8,781,8.7,2,1,2,0,0,1,0,0.23,0.12,0.35,0.23,0.35,19,4,21.1,2.19,0.46,0.11,0.5,,56,62.0,78.0,4,6,27.0,0,1.36,8,11,-3,-0.35,-1.1,0,6,11,6,10,5,3,,,0,Ligue-2,60,2021-2022
Umut Meraş,tr TUR,DF,Le Havre,25,1995,4,4,338,3.8,0,0,0,0,0,0,1,0.0,0.0,0.0,0.0,0.0,0,0,,0.0,0.0,,,,85,26.8,85.0,2,0,,0,1.75,5,3,2,0.53,0.14,0,5,4,0,4,8,2,,,0,Ligue-2,60,2021-2022
Valentin Gendrey,fr FRA,DF,Amiens,21,2000,1,1,90,1.0,0,0,0,0,0,0,0,0.0,0.0,0.0,0.0,0.0,1,0,0.0,1.0,0.0,0.0,,,90,7.1,90.0,1,0,,0,0.0,1,2,-1,-1.0,-0.92,0,0,1,0,0,0,0,,,0,Ligue-2,60,2021-2022
Valentin Henry,fr FRA,DF,Sochaux,28,1993,11,11,936,10.4,0,2,0,0,0,3,0,0.0,0.19,0.19,0.0,0.19,2,0,0.0,0.19,0.0,0.0,,,85,74.3,85.0,7,0,,1,1.73,9,6,3,0.29,-0.82,0,10,8,0,34,7,14,,,0,Ligue-2,60,2021-2022
Valentin Jacob,fr FRA,MF,Dijon,27,1994,12,6,520,5.8,0,0,0,0,0,1,0,0.0,0.0,0.0,0.0,0.0,11,3,27.3,1.9,0.52,0.0,0.0,,43,41.3,62.0,0,6,25.0,1,0.83,5,8,-3,-0.52,-0.15,0,10,12,1,14,7,7,,,0,Ligue-2,60,2021-2022
Victor Lekhal,dz ALG,MF,Le Havre,27,1994,14,14,1260,14.0,1,0,0,1,1,2,0,0.07,0.0,0.07,0.0,0.0,5,2,40.0,0.36,0.14,0.0,0.0,,90,100.0,90.0,14,0,,0,1.71,14,8,6,0.43,,0,13,14,0,3,29,19,,,0,Ligue-2,60,2021-2022
Victor Lobry,fr FRA,MF,Pau FC,26,1995,14,14,1258,14.0,4,0,3,1,1,0,0,0.29,0.0,0.29,0.21,0.21,24,7,29.2,1.72,0.5,0.13,0.43,,90,99.8,90.0,12,0,,0,1.5,14,12,2,0.14,0.14,0,14,18,3,50,6,15,,,0,Ligue-2,60,2021-2022
Vincent Demarconnay,fr FRA,GK,Paris FC,38,1983,12,12,1080,12.0,0,0,0,0,0,0,0,0.0,0.0,0.0,0.0,0.0,0,0,,0.0,0.0,,,,90,85.7,90.0,12,0,,1,1.5,16,13,3,0.25,0.75,0,0,6,0,0,0,0,,,0,Ligue-2,60,2021-2022
Vincent Marchetti,fr FRA,MF,Ajaccio,24,1997,4,3,282,3.1,0,0,0,0,0,0,0,0.0,0.0,0.0,0.0,0.0,3,0,0.0,0.96,0.0,0.0,,,71,22.4,90.0,3,1,12.0,0,1.25,5,3,2,0.64,0.09,0,2,7,0,3,4,5,,,0,Ligue-2,60,2021-2022
Vinni Triboulet,fr FRA,"FW,MF",Nancy,22,1999,12,7,618,6.9,1,0,1,0,0,0,0,0.15,0.0,0.15,0.15,0.15,16,3,18.8,2.33,0.44,0.06,0.33,,52,49.0,74.0,1,5,20.0,2,0.75,6,8,-2,-0.29,1.39,0,11,7,2,1,3,13,,,0,Ligue-2,60,2021-2022
Warren Bondo,fr FRA,MF,Nancy,18,2003,10,6,674,7.5,1,0,0,1,1,1,0,0.13,0.0,0.13,0.0,0.0,12,2,16.7,1.6,0.27,0.0,0.0,,67,53.5,87.0,4,4,38.0,0,0.4,4,14,-10,-1.34,-0.72,0,16,26,0,17,1,20,,,0,Ligue-2,60,2021-2022
Warren Caddy,fr FRA,FW,Paris FC,24,1997,11,6,504,5.6,2,0,1,1,1,1,0,0.36,0.0,0.36,0.18,0.18,11,3,27.3,1.96,0.54,0.09,0.33,,46,40.0,69.0,1,5,18.0,0,1.09,5,6,-1,-0.18,-0.54,0,8,2,3,2,0,2,,,0,Ligue-2,60,2021-2022
Wilitty Younoussa,cm CMR,"MF,DF",Dijon,20,2001,8,6,550,6.1,0,1,0,0,0,3,0,0.0,0.16,0.16,0.0,0.16,14,2,14.3,2.29,0.33,0.0,0.0,,69,43.7,85.0,4,2,20.0,2,1.5,8,9,-1,-0.16,0.47,0,8,8,0,3,11,14,,,0,Ligue-2,60,2021-2022
William Bianda,fr FRA,DF,Nancy,21,2000,8,8,683,7.6,1,1,1,0,0,0,0,0.13,0.13,0.26,0.13,0.26,3,1,33.3,0.4,0.13,0.33,1.0,,85,54.2,85.0,5,0,,0,0.88,6,13,-7,-0.92,0.17,0,10,6,0,0,13,2,,,0,Ligue-2,60,2021-2022
Woyo Coulibaly,fr FRA,DF,Le Havre,22,1999,2,0,38,0.4,0,0,0,0,0,0,0,0.0,0.0,0.0,0.0,0.0,0,0,,0.0,0.0,,,,19,3.0,,0,2,19.0,0,1.0,0,0,0,0.0,-0.44,0,0,2,0,1,0,1,,,0,Ligue-2,60,2021-2022
Xavier Kouassi,ci CIV,DF,Pau FC,31,1989,13,13,1123,12.5,0,0,0,0,0,1,1,0.0,0.0,0.0,0.0,0.0,0,0,,0.0,0.0,,,,86,89.1,86.0,10,0,,0,1.62,14,11,3,0.24,0.9,0,9,10,0,0,22,16,,,1,Ligue-2,60,2021-2022
Yahia Fofana,fr FRA,GK,Le Havre,21,2000,14,14,1260,14.0,0,1,0,0,0,1,0,0.0,0.07,0.07,0.0,0.07,0,0,,0.0,0.0,,,,90,100.0,90.0,14,0,,0,1.71,14,8,6,0.43,,0,1,9,0,0,1,0,,,0,Ligue-2,60,2021-2022
Yanis Begraoui,fr FRA,FW,Toulouse,20,2001,9,1,207,2.3,0,0,0,0,0,0,0,0.0,0.0,0.0,0.0,0.0,7,3,42.9,3.04,1.3,0.0,0.0,,23,16.4,68.0,0,8,17.0,1,2.33,5,3,2,0.87,-0.58,0,0,2,1,0,3,1,,,0,Ligue-2,60,2021-2022
Yanis Cimignani,fr FRA,MF,Ajaccio,19,2002,13,10,866,9.6,1,1,1,0,0,3,0,0.1,0.1,0.21,0.1,0.21,9,2,22.2,0.94,0.21,0.11,0.5,,67,68.7,77.0,2,3,32.0,0,1.92,11,5,6,0.62,0.17,0,17,4,2,12,8,8,,,0,Ligue-2,60,2021-2022
Yanis Merdji,dz ALG,"FW,MF",Niort,28,1993,13,5,499,5.5,0,0,0,0,0,0,0,0.0,0.0,0.0,0.0,0.0,9,5,55.6,1.62,0.9,0.0,0.0,,38,39.6,76.0,0,8,15.0,0,1.38,3,5,-2,-0.36,-0.83,0,6,7,5,11,4,3,,,0,Ligue-2,60,2021-2022
Yann Boe-Kane,fr FRA,"MF,DF",Quevilly-Rouen,30,1991,12,11,974,10.8,1,0,1,0,0,4,0,0.09,0.0,0.09,0.09,0.09,7,2,28.6,0.65,0.18,0.14,0.5,,81,77.3,87.0,9,1,20.0,0,1.0,7,17,-10,-0.92,-2.18,0,19,10,1,3,25,21,,,0,Ligue-2,60,2021-2022
Yann Kitala,cd COD,DF,Sochaux,23,1998,5,0,31,0.3,0,0,0,0,0,1,0,0.0,0.0,0.0,0.0,0.0,0,0,,0.0,0.0,,,,6,2.5,,0,5,6.0,0,1.8,0,0,0,0.0,-0.51,0,5,0,1,1,0,0,,,0,Ligue-2,60,2021-2022
Yannick Gomis,sn SEN,"MF,FW",Guingamp,29,1992,14,10,909,10.1,0,1,0,0,0,1,0,0.0,0.1,0.1,0.0,0.1,13,3,23.1,1.29,0.3,0.0,0.0,,65,72.1,83.0,5,4,21.0,0,1.29,9,13,-4,-0.4,-1.17,0,7,13,8,21,6,6,,,0,Ligue-2,60,2021-2022
Yannick Marchand,ch SUI,MF,Grenoble,21,2000,5,3,181,2.0,0,0,0,0,0,0,0,0.0,0.0,0.0,0.0,0.0,0,0,,0.0,0.0,,,,36,14.4,56.0,0,2,7.0,2,1.0,0,3,-3,-1.49,-1.41,0,2,2,0,2,2,1,,,0,Ligue-2,60,2021-2022
Yassine Bahassa,ma MAR,"MF,FW",Quevilly-Rouen,29,1992,14,9,814,9.0,0,3,0,0,0,1,0,0.0,0.33,0.33,0.0,0.33,11,5,45.5,1.22,0.55,0.0,0.0,,58,64.6,76.0,3,5,26.0,0,1.14,8,11,-3,-0.33,0.27,0,13,9,0,49,7,4,,,0,Ligue-2,60,2021-2022
Yassine Benrahou,fr FRA,"MF,FW",Nîmes,22,1999,14,14,1181,13.1,4,5,3,1,1,0,0,0.3,0.38,0.69,0.23,0.61,28,14,50.0,2.13,1.07,0.11,0.21,,84,93.7,84.0,9,0,,0,1.0,15,16,-1,-0.08,2.2,0,14,13,1,89,6,9,,,0,Ligue-2,60,2021-2022
Yassine Benzia,dz ALG,"MF,FW",Dijon,27,1994,11,9,809,9.0,3,2,3,0,0,2,0,0.33,0.22,0.56,0.33,0.56,26,10,38.5,2.89,1.11,0.12,0.3,,74,64.2,85.0,6,2,21.0,0,1.45,9,10,-1,-0.11,0.89,0,13,19,1,89,5,8,,,0,Ligue-2,60,2021-2022
Yassine Haouari,fr FRA,FW,Valenciennes,18,2003,4,0,59,0.7,1,0,1,0,0,1,0,1.53,0.0,1.53,1.53,1.53,1,1,100.0,1.53,1.53,1.0,1.0,,15,4.7,,0,4,15.0,3,1.0,1,2,-1,-1.53,-0.85,0,2,0,0,3,0,0,,,0,Ligue-2,60,2021-2022
Yaya Soumaré,fr FRA,"MF,FW",Dijon,21,2000,5,3,294,3.3,0,0,0,0,0,0,0,0.0,0.0,0.0,0.0,0.0,2,0,0.0,0.61,0.0,0.0,,,59,23.3,79.0,0,2,29.0,5,0.2,5,8,-3,-0.92,-0.64,0,5,5,1,3,4,3,,,0,Ligue-2,60,2021-2022
Ylan Gomes,fr FRA,FW,Le Havre,19,2002,4,0,47,0.5,0,0,0,0,0,0,0,0.0,0.0,0.0,0.0,0.0,0,0,,0.0,0.0,,,,12,3.7,,0,4,12.0,3,1.25,0,0,0,0.0,-0.45,0,1,0,1,0,1,2,,,0,Ligue-2,60,2021-2022
Yoan Koré,fr FRA,FW,Paris FC,16,2004,1,0,1,0.0,0,0,0,0,0,0,0,0.0,0.0,0.0,0.0,0.0,0,0,,0.0,0.0,,,,1,0.1,,0,1,1.0,2,3.0,0,0,0,0.0,-0.14,0,0,0,0,0,0,0,,,0,Ligue-2,60,2021-2022
Yoann Cathline,fr FRA,MF,Guingamp,19,2002,4,0,34,0.4,0,0,0,0,0,0,0,0.0,0.0,0.0,0.0,0.0,1,0,0.0,2.65,0.0,0.0,,,9,2.7,,0,4,9.0,0,0.75,1,1,0,0.0,0.07,0,2,1,0,3,0,0,,,0,Ligue-2,60,2021-2022
Yoann Court,fr FRA,MF,Caen,31,1990,3,3,210,2.3,0,2,0,0,0,0,0,0.0,0.86,0.86,0.0,0.86,5,1,20.0,2.14,0.43,0.0,0.0,,70,16.7,70.0,1,0,,0,2.0,4,0,4,1.71,2.06,0,5,3,0,9,2,5,,,0,Ligue-2,60,2021-2022
Yohan Bilingi,fr FRA,DF,Guingamp,22,1999,7,7,616,6.8,0,0,0,0,0,2,1,0.0,0.0,0.0,0.0,0.0,2,1,50.0,0.29,0.15,0.0,0.0,,88,48.9,88.0,6,0,,0,1.43,5,5,0,0.0,0.14,1,9,2,0,13,16,5,,,0,Ligue-2,60,2021-2022
Yohan Bocognano,fr FRA,DF,Bastia,31,1990,13,10,920,10.2,0,0,0,0,0,1,0,0.0,0.0,0.0,0.0,0.0,4,0,0.0,0.39,0.0,0.0,,,71,73.0,89.0,9,3,11.0,1,0.85,7,10,-3,-0.29,0.24,0,9,9,2,2,22,4,,,0,Ligue-2,60,2021-2022
Yohan Cassubie,fr FRA,"DF,MF",Niort,21,2000,7,5,454,5.0,1,0,1,0,0,2,0,0.2,0.0,0.2,0.2,0.2,3,1,33.3,0.59,0.2,0.33,1.0,,65,36.0,81.0,3,2,24.0,0,1.14,4,5,-1,-0.2,-0.53,0,9,0,0,3,9,14,,,0,Ligue-2,60,2021-2022
Yohan Demoncy,fr FRA,MF,Paris FC,25,1996,7,5,467,5.2,0,1,0,0,0,0,0,0.0,0.19,0.19,0.0,0.19,4,3,75.0,0.77,0.58,0.0,0.0,,67,37.1,77.0,3,2,41.0,3,0.57,4,7,-3,-0.58,-1.15,0,6,8,0,19,4,10,,,0,Ligue-2,60,2021-2022
Yoric Ravet,fr FRA,"MF,FW",Grenoble,32,1989,12,11,891,9.9,4,3,3,1,2,0,0,0.4,0.3,0.71,0.3,0.61,26,5,19.2,2.63,0.51,0.12,0.6,,74,70.7,79.0,3,1,24.0,0,1.42,11,13,-2,-0.2,0.29,0,6,10,2,42,9,2,,,0,Ligue-2,60,2021-2022
Younès Kaabouni,fr FRA,MF,Sochaux,26,1995,8,3,282,3.1,0,1,0,0,0,1,0,0.0,0.32,0.32,0.0,0.32,4,0,0.0,1.28,0.0,0.0,,,35,22.4,75.0,0,5,12.0,2,1.75,5,3,2,0.64,0.18,0,2,1,0,1,2,4,,,0,Ligue-2,60,2021-2022
Youssouf M'Changama,km COM,MF,Guingamp,31,1990,12,12,1051,11.7,3,8,3,0,0,2,0,0.26,0.69,0.94,0.26,0.94,23,6,26.1,1.97,0.51,0.13,0.5,,88,83.4,88.0,10,0,,0,1.25,15,13,2,0.17,1.46,0,16,24,7,80,7,3,,,0,Ligue-2,60,2021-2022
Yoël Armougom,fr FRA,DF,Caen,23,1998,13,12,1084,12.0,0,0,0,0,0,0,0,0.0,0.0,0.0,0.0,0.0,5,1,20.0,0.42,0.08,0.0,0.0,,83,86.0,87.0,9,1,45.0,1,1.15,13,12,1,0.08,0.59,0,9,9,0,42,28,14,,,0,Ligue-2,60,2021-2022
Zakaria Naidji,dz ALG,FW,Pau FC,26,1995,4,3,259,2.9,0,0,0,0,0,0,0,0.0,0.0,0.0,0.0,0.0,5,4,80.0,1.74,1.39,0.0,0.0,,65,20.6,71.0,0,1,45.0,0,1.5,2,1,1,0.35,0.26,0,3,4,5,2,2,0,,,0,Ligue-2,60,2021-2022
Zargo Touré,sn SEN,DF,Dijon,31,1989,2,2,148,1.6,0,0,0,0,0,0,0,0.0,0.0,0.0,0.0,0.0,1,0,0.0,0.61,0.0,0.0,,,74,11.7,74.0,1,0,,2,0.0,0,3,-3,-1.82,-1.58,0,0,2,0,0,2,2,,,0,Ligue-2,60,2021-2022
Zeidane Inoussa,bj BEN,MF,Caen,19,2002,4,1,102,1.1,0,0,0,0,0,0,1,0.0,0.0,0.0,0.0,0.0,0,0,,0.0,0.0,,,,26,8.1,69.0,0,3,11.0,5,0.25,4,2,2,1.76,1.92,0,4,0,0,2,1,0,,,0,Ligue-2,60,2021-2022
Zinedine Ferhat,dz ALG,"FW,MF",Nîmes,28,1993,7,4,391,4.3,0,0,0,0,0,1,0,0.0,0.0,0.0,0.0,0.0,5,0,0.0,1.15,0.0,0.0,,,56,31.0,86.0,3,3,16.0,0,0.57,1,12,-11,-2.53,-3.36,0,2,8,1,19,4,0,,,0,Ligue-2,60,2021-2022
Zinédine Labyad,fr FRA,MF,Grenoble,21,2000,1,1,45,0.5,0,0,0,0,0,0,0,0.0,0.0,0.0,0.0,0.0,0,0,,0.0,0.0,,,,45,3.6,45.0,0,0,,1,0.0,0,1,-1,-2.0,-1.78,0,0,0,1,0,0,1,,,0,Ligue-2,60,2021-2022
Émeric Dudouit,fr FRA,MF,Dunkerque,30,1991,10,8,761,8.5,0,1,0,0,0,4,0,0.0,0.12,0.12,0.0,0.12,2,1,50.0,0.24,0.12,0.0,0.0,,76,60.4,87.0,5,2,32.0,1,0.8,7,13,-6,-0.71,-1.25,0,14,16,0,43,6,6,,,0,Ligue-2,60,2021-2022
