Round,Day,Date,Time,Home,xG,Score,xG.1,Away,Attendance,Venue,Referee,Match Report,Notes,League Name,League ID,Season
Preliminary round,Thu,2019-06-27,18:30,Barry Town wls,,0–0,,nir Cliftonville,2106,Cardiff City Stadium (Neutral Site),Jason Barcelo,Match Report,Leg 1 of 2,Europa-League,19,2019-2020
Preliminary round,Thu,2019-06-27,19:30,Progrès lu,,1–0,,wls Cardiff Met,1984,Stade Parc des Sports (Neutral Site),Luis Teixeira,Match Report,Leg 1 of 2,Europa-League,19,2019-2020
Preliminary round,Thu,2019-06-27,19:00,KÍ fo,,5–1,,sm SP Tre Fiori,575,Gundadalur (Neutral Site),Rob Jenkins,Match Report,Leg 1 of 2,Europa-League,19,2019-2020
Preliminary round,Thu,2019-06-27,20:00,UE Sant Juli ad,,3–2,,gi Europa,300,Estadi Comunal d'Andorra la Vella (Neutral Site),Dragan PetroviÄ,Match Report,Leg 1 of 2,Europa-League,19,2019-2020
Preliminary round,Thu,2019-06-27,19:45,Ballymena Utd nir,,2–0,,fo NSÍ Runavík,2270,The Showgrounds (Neutral Site),Athanasios Tzilos,Match Report,Leg 1 of 2,Europa-League,19,2019-2020
Preliminary round,Thu,2019-06-27,20:45,La Fiorita sm,,0–1,,ad Engordany,302,Stadio Olimpico di Serravalle (Neutral Site),Christophe Pires Martins,Match Report,Leg 1 of 2,Europa-League,19,2019-2020
Preliminary round,Thu,2019-06-27,20:45,FC Prishtina xk,,1–1,,gi St. Joseph's,4100,Stadiumi Fadil Vokrri (Neutral Site),Helgi Mikael JÃ³nasson,Match Report,Leg 1 of 2,Europa-League,19,2019-2020
Preliminary round,Tue,2019-07-02,17:45,St. Joseph's gi,,2–0,,xk FC Prishtina,500,Victoria Stadium (Neutral Site),Luca Barbeno,Match Report,Leg 2 of 2; St. Joseph's won,Europa-League,19,2019-2020
Preliminary round,Thu,2019-07-04,18:30,Cardiff Met wls,,2–1,,lu Progrès,1316,Cardiff City Stadium (Neutral Site),Loukas Soteriou,Match Report,Leg 2 of 2; ProgrÃ¨s won,Europa-League,19,2019-2020
Preliminary round,Thu,2019-07-04,19:30,Engordany ad,,2–1,,sm La Fiorita,428,Estadi Comunal d'Andorra la Vella (Neutral Site),Alexandru Tean,Match Report,Leg 2 of 2; Engordany won,Europa-League,19,2019-2020
Preliminary round,Thu,2019-07-04,19:00,NSÍ Runavík fo,,0–0,,nir Ballymena Utd,553,SvangaskarÃ° (Neutral Site),Besfort Kasumi,Match Report,Leg 2 of 2; Ballymena Utd won,Europa-League,19,2019-2020
Preliminary round,Thu,2019-07-04,20:30,Europa gi,,4–0,,ad UE Sant Juli,1075,Victoria Stadium (Neutral Site),Matthew De Gabriele,Match Report,Leg 2 of 2; Europa won,Europa-League,19,2019-2020
Preliminary round,Thu,2019-07-04,19:45,Cliftonville nir,,4–0,,wls Barry Town,1946,Solitude (Neutral Site),Fyodor Zammit,Match Report,Leg 2 of 2; Cliftonville won,Europa-League,19,2019-2020
Preliminary round,Thu,2019-07-04,20:45,SP Tre Fiori sm,,0–4,,fo KÍ,177,Stadio Olimpico di Serravalle (Neutral Site),Novak SimoviÄ,Match Report,Leg 2 of 2; KÃ won,Europa-League,19,2019-2020
,,,,,,,,,,,,,,Europa-League,19,2019-2020
First qualifying round,Tue,2019-07-09,17:55,St. Joseph's gi,,0–4,,sct Rangers,2050,Victoria Stadium,Nejc KajtazoviÄ,Match Report,Leg 1 of 2,Europa-League,19,2019-2020
First qualifying round,Tue,2019-07-09,18:00,Gzira United mt,,0–2,,hr Hajduk Split,683,MFA Centenary Stadium,Gal Laibuvitz,Match Report,Leg 1 of 2,Europa-League,19,2019-2020
First qualifying round,Tue,2019-07-09,20:30,CSKA Sofia bg,,4–0,,me OFK Titograd,8500,Stadion BÃ¢lgarska Armija,LuÃ­s Godinho,Match Report,Leg 1 of 2,Europa-League,19,2019-2020
First qualifying round,Wed,2019-07-10,17:55,Jeunesse Esch lu,,0–0,,kz Tobol Qostanaı,1384,Stade de la FrontiÃ¨re,Eldorjan Hamiti,Match Report,Leg 1 of 2,Europa-League,19,2019-2020
First qualifying round,Thu,2019-07-11,17:30,Pyunik am,,3–3,,mk Shkupi Skopje,2050,Gyumri,Luca Barbeno,Match Report,Leg 1 of 2,Europa-League,19,2019-2020
First qualifying round,Thu,2019-07-11,20:00,Ordabasy kz,,1–0,,ge Torpedo Kutaisi,15900,Stadion Qajimuqan MuÃ±aytpasov,Roomer Tarajev,Match Report,Leg 1 of 2,Europa-League,19,2019-2020
First qualifying round,Thu,2019-07-11,17:45,Ventspils lv,,3–0,,al Teuta Durrës,1730,OlimpiskÄ centra Ventspils StadionÄ,Daniyar Sakhi,Match Report,Leg 1 of 2,Europa-League,19,2019-2020
First qualifying round,Thu,2019-07-11,19:00,Alashkert am,,3–1,,mk Makedonija GP,1285,Armenia Football Academy,Nathan Verboomen,Match Report,Leg 1 of 2,Europa-League,19,2019-2020
First qualifying round,Thu,2019-07-11,17:30,Laçi al,,1–1,,il Be'er Sheva,1400,Stadiumi LaÃ§i,Loukas Soteriou,Match Report,Leg 1 of 2,Europa-League,19,2019-2020
First qualifying round,Thu,2019-07-11,18:30,AÉK Lárnaka cy,,1–0,,md Petrocub,3561,AEK Arena - George Karapatakis,Michal Ocenas,Match Report,Leg 1 of 2,Europa-League,19,2019-2020
First qualifying round,Thu,2019-07-11,18:30,Narva Trans ee,,0–2,,me Budućnost,319,Rakvere kunstmuru,Sergey Tsinkevich,Match Report,Leg 1 of 2,Europa-League,19,2019-2020
First qualifying round,Thu,2019-07-11,19:00,KuPS fi,,2–0,,by FK Vitebsk,1250,Savon Sanomat Areena,Danilo GrujiÄ,Match Report,Leg 1 of 2,Europa-League,19,2019-2020
First qualifying round,Thu,2019-07-11,19:00,Flora ee,,2–0,,rs Radnički Niš,2560,A. Le Coq Arena,Alexandru Tean,Match Report,Leg 1 of 2,Europa-League,19,2019-2020
First qualifying round,Thu,2019-07-11,20:00,Səbail FK az,,2–3,,ro CS U Craiova,2550,BayÄ±l Arena,Fyodor Zammit,Match Report,Leg 1 of 2,Europa-League,19,2019-2020
First qualifying round,Thu,2019-07-11,18:30,Balzan mt,,3–4,,si Domžale,389,MFA Centenary Stadium,Aleksey Matyunin,Match Report,Leg 1 of 2,Europa-League,19,2019-2020
First qualifying round,Thu,2019-07-11,18:30,MFK Ružomberok sk,,0–2,,bg Levski Sofia,3695,FutbalovÃ½ Å¡tadiÃ³n MFK RuÅ¾omberok,Petri Viljanen,Match Report,Leg 1 of 2,Europa-League,19,2019-2020
First qualifying round,Thu,2019-07-11,19:30,Riteriai lt,,1–1,,fo KÍ,1480,Vilniaus LFF stadionas,Bram Van Driessche,Match Report,Leg 1 of 2,Europa-League,19,2019-2020
First qualifying round,Thu,2019-07-11,18:00,Crusaders nir,,2–0,,fo B36,1112,Seaview,Igal Frid,Match Report,Leg 1 of 2,Europa-League,19,2019-2020
First qualifying round,Thu,2019-07-11,19:00,Brann no,,2–2,,ie Shamrock Rov,4560,Brann Stadion,Juxhin Xhaja,Match Report,Leg 1 of 2,Europa-League,19,2019-2020
First qualifying round,Thu,2019-07-11,19:00,Akad Pandev mk,,0–3,,ba Zrinjski Mostar,1562,Telekom Arena,Kai Erik Steen,Match Report,Leg 1 of 2,Europa-League,19,2019-2020
First qualifying round,Thu,2019-07-11,19:00,Brøndby dk,,4–1,,fi Inter Turku,10275,BrÃ¸ndby Stadion,Kristoffer Karlsson,Match Report,Leg 1 of 2,Europa-League,19,2019-2020
First qualifying round,Thu,2019-07-11,19:00,Bijeljina ba,,2–0,,sk Spartak Trnava,1500,Gradski Stadion,V. Chinkov,Match Report,Leg 1 of 2,Europa-League,19,2019-2020
First qualifying round,Thu,2019-07-11,19:00,Debrecen hu,,3–0,,al Kukësi,10250,Nagyerdei Stadion,Sebastian Gishamer,Match Report,Leg 1 of 2,Europa-League,19,2019-2020
First qualifying round,Thu,2019-07-11,19:00,Molde no,,7–1,,is KR Reykjavík,3756,Aker Stadion,Aleksandrs Golubevs,Match Report,Leg 1 of 2,Europa-League,19,2019-2020
First qualifying round,Thu,2019-07-11,19:00,Malmö se,,7–0,,nir Ballymena Utd,8667,Swedbank Stadion,Igor PajaÄ,Match Report,Leg 1 of 2,Europa-League,19,2019-2020
Round,Day,Date,Time,Home,xG,Score,xG,Away,Attendance,Venue,Referee,Match Report,Notes,Europa-League,19,2019-2020
First qualifying round,Thu,2019-07-11,20:00,Kauno Žalgiris lt,,0–2,,cy Apollon,717,MarijampolÄs sporto centro stadione,Admir Å ehoviÄ,Match Report,Leg 1 of 2,Europa-League,19,2019-2020
First qualifying round,Thu,2019-07-11,20:00,Shakhtyor by,,1–0,,mt Hibernians,3048,Stadyen BudaÅ­nik,Jovan KaluÄeroviÄ,Match Report,Leg 1 of 2,Europa-League,19,2019-2020
First qualifying round,Thu,2019-07-11,20:00,Speranţa md,,0–3,,az Neftçi,1370,Stadionul Zimbru,Tim Marshall,Match Report,Leg 1 of 2,Europa-League,19,2019-2020
First qualifying round,Thu,2019-07-11,20:00,Maccabi Haifa il,,2–0,,si N Mura,16127,Sammy Ofer Stadium,Manfredas LukjanÄukas,Match Report,Leg 1 of 2,Europa-League,19,2019-2020
First qualifying round,Thu,2019-07-11,20:00,FK Liepāja lv,,1–1,,by Dinamo Minsk,3793,Stadions Daugava,AntÃ³nio Nobre,Match Report,Leg 1 of 2,Europa-League,19,2019-2020
First qualifying round,Thu,2019-07-11,21:00,Dinamo Tbilisi ge,,6–0,,ad Engordany,3680,Boris Paichadzis Erovnuli Stadioni,Morten Krogh,Match Report,Leg 1 of 2,Europa-League,19,2019-2020
First qualifying round,Thu,2019-07-11,19:30,Fola Esch lu,,1–2,,ge Chikhura,1087,Stade Ãmile Mayrisch,Rauf Cabbarov,Match Report,Leg 1 of 2,Europa-League,19,2019-2020
First qualifying round,Thu,2019-07-11,19:00,Connah's Quay wls,,1–2,,sct Kilmarnock,1410,Corbett Sports Stadium,Erik Lambrechts,Match Report,Leg 1 of 2,Europa-League,19,2019-2020
First qualifying round,Thu,2019-07-11,20:00,Olimpija si,,2–3,,lv FK Rīgas FS,4200,Stadion StoÅ¾ice,Urs Schnyder,Match Report,Leg 1 of 2,Europa-League,19,2019-2020
First qualifying round,Thu,2019-07-11,20:30,Čukarički rs,,3–0,,am Urartu,1203,Stadion na Banovom brdu,Ãvar Orri KristjÃ¡nsson,Match Report,Leg 1 of 2,Europa-League,19,2019-2020
First qualifying round,Thu,2019-07-11,20:30,Dunajská Streda sk,,1–1,,pl Cracovia,9860,MOL ArÃ©na,Rade ObrenoviÄ,Match Report,Leg 1 of 2,Europa-League,19,2019-2020
First qualifying round,Thu,2019-07-11,20:30,Europa gi,,0–0,,pl Legia Warsaw,787,Victoria Stadium,Alex Troleis,Match Report,Leg 1 of 2,Europa-League,19,2019-2020
First qualifying round,Thu,2019-07-11,20:30,Zeta me,,1–5,,hu Vidi,965,Stadion Pod Goricom,Giorgi Vadachkoria,Match Report,Leg 1 of 2,Europa-League,19,2019-2020
First qualifying round,Thu,2019-07-11,21:30,FCSB ro,,2–0,,md Milsami,4850,Stadionul Marin Anastasovici,Kristoffer Hagenes,Match Report,Leg 1 of 2,Europa-League,19,2019-2020
First qualifying round,Thu,2019-07-11,19:45,Cliftonville nir,,0–1,,no Haugesund,1342,Solitude,Laurent Kopriwa,Match Report,Leg 1 of 2,Europa-League,19,2019-2020
First qualifying round,Thu,2019-07-11,19:45,Aberdeen sct,,2–1,,fi RoPS,14377,Pittodrie Stadium,Kaspar SjÃ¶berg,Match Report,Leg 1 of 2,Europa-League,19,2019-2020
First qualifying round,Thu,2019-07-11,19:45,St. Patrick's ie,,0–2,,se Norrköping,2389,Richmond Park,Lionel Tschudi,Match Report,Leg 1 of 2,Europa-League,19,2019-2020
First qualifying round,Thu,2019-07-11,19:45,Cork City FC ie,,0–2,,lu Progrès,3137,Turner's Cross,Aleksandrs Anufrijevs,Match Report,Leg 1 of 2,Europa-League,19,2019-2020
First qualifying round,Thu,2019-07-11,21:00,Široki Brijeg ba,,1–2,,kz Qaırat Almaty,2436,Stadion Pecara,Sebastian ColÈescu,Match Report,Leg 1 of 2,Europa-League,19,2019-2020
First qualifying round,Thu,2019-07-11,21:00,Honvéd hu,,3–1,,lt Žalgiris,3622,Illovszky Rudolf Stadion,Boris Marhefka,Match Report,Leg 1 of 2,Europa-League,19,2019-2020
First qualifying round,Thu,2019-07-11,20:00,Breiðablik is,,0–0,,li Vaduz,1153,KÃ³pavogsvÃ¶llur,Nikola Popov,Match Report,Leg 1 of 2,Europa-League,19,2019-2020
First qualifying round,Thu,2019-07-11,20:00,Stjarnan is,,2–1,,ee Levadia Tallinn,876,Samsung vÃ¶llurinn,Denis Scherbakov,Match Report,Leg 1 of 2,Europa-League,19,2019-2020
First qualifying round,Tue,2019-07-16,19:00,Urartu am,,0–5,,rs Čukarički,2100,Banants,Ioannis Papadopoulos,Match Report,Leg 2 of 2; ÄukariÄki won,Europa-League,19,2019-2020
First qualifying round,Tue,2019-07-16,18:00,KÍ fo,,0–0,,lt Riteriai,980,SvangaskarÃ°,Yaroslav Kozyk,Match Report,Leg 2 of 2; KÃ won,Europa-League,19,2019-2020
First qualifying round,Tue,2019-07-16,20:30,OFK Titograd me,,0–0,,bg CSKA Sofia,969,Stadion Pod Goricom,Vasilis Dimitriou,Match Report,Leg 2 of 2; CSKA Sofia won,Europa-League,19,2019-2020
First qualifying round,Wed,2019-07-17,20:00,Chikhura ge,,2–1,,lu Fola Esch,1458,Boris Paichadzis Erovnuli Stadioni,Dragan PetroviÄ,Match Report,Leg 2 of 2; Chikhura won,Europa-League,19,2019-2020
First qualifying round,Thu,2019-07-18,18:00,Tobol Qostanaı kz,,1–1,,lu Jeunesse Esch,2500,Astana Arena,Emmanouil Skoulas,Match Report,Leg 2 of 2; Jeunesse Esch won,Europa-League,19,2019-2020
First qualifying round,Thu,2019-07-18,16:30,Makedonija GP mk,,0–3,,am Alashkert,18500,Trening Centar Petar MiloÅ¡evski,Christophe Pires Martins,Match Report,Leg 2 of 2; Alashkert won,Europa-League,19,2019-2020
First qualifying round,Thu,2019-07-18,20:30,Qaırat Almaty kz,,2–1,,ba Široki Brijeg,18500,OrtalÄ±q Stadion,Denys Shurman,Match Report,Leg 2 of 2; QaÄ±rat Almaty won,Europa-League,19,2019-2020
First qualifying round,Thu,2019-07-18,17:00,Teuta Durrës al,,1–0,,lv Ventspils,575,Stadiumi Niko Dovana,Erez Papir,Match Report,Leg 2 of 2; Ventspils won,Europa-League,19,2019-2020
First qualifying round,Thu,2019-07-18,18:30,Inter Turku fi,,2–0,,dk Brøndby,3711,Veritas Stadion,Keith Kennedy,Match Report,Leg 2 of 2; BrÃ¸ndby won,Europa-League,19,2019-2020
First qualifying round,Thu,2019-07-18,19:00,Levadia Tallinn ee,,3–2,,is Stjarnan,1446,A. Le Coq Arena I muru,Besfort Kasumi,Match Report,Leg 2 of 2; Stjarnan won; Required Extra Time,Europa-League,19,2019-2020
First qualifying round,Thu,2019-07-18,19:00,RoPS fi,,1–2,,sct Aberdeen,2000,Rovaniemen KeskuskenttÃ¤,Umit ÃztÃ¼rk,Match Report,Leg 2 of 2; Aberdeen won,Europa-League,19,2019-2020
First qualifying round,Thu,2019-07-18,19:00,CS U Craiova ro,,3–2,,az Səbail FK,15763,Stadionul Ion Oblemenco,Helgi Mikael JÃ³nasson,Match Report,Leg 2 of 2; CS U Craiova won,Europa-League,19,2019-2020
First qualifying round,Thu,2019-07-18,19:00,FK Rīgas FS lv,,0–2,,si Olimpija,3652,Daugavas StadionÄ,Peter KjÃ¦rsgaard-Andersen,Match Report,Leg 2 of 2; Olimpija won,Europa-League,19,2019-2020
First qualifying round,Thu,2019-07-18,19:30,Dinamo Minsk by,,1–2,,lv FK Liepāja,6705,Stadyen Dynama,Nick Walsh,Match Report,Leg 2 of 2; FK LiepÄja won,Europa-League,19,2019-2020
First qualifying round,Thu,2019-07-18,19:30,Levski Sofia bg,,2–0,,sk MFK Ružomberok,17250,Stadion Georgi Asparuhov,Veaceslav Banari,Match Report,Leg 2 of 2; Levski Sofia won,Europa-League,19,2019-2020
First qualifying round,Thu,2019-07-18,19:00,Vaduz li,,2–1,,is Breiðablik,837,Rheinpark Stadion,Genc Nuza,Match Report,Leg 2 of 2; Vaduz won,Europa-League,19,2019-2020
First qualifying round,Thu,2019-07-18,19:00,Haugesund no,,5–1,,nir Cliftonville,2633,Haugesund Stadion,Mario Zebec,Match Report,Leg 2 of 2; Haugesund won,Europa-League,19,2019-2020
First qualifying round,Thu,2019-07-18,19:00,Zrinjski Mostar ba,,3–0,,mk Akad Pandev,2500,Stadion Bijeli Brijeg,OndÅej Pechanec,Match Report,Leg 2 of 2; Zrinjski Mostar won,Europa-League,19,2019-2020
First qualifying round,Thu,2019-07-18,19:00,Cracovia pl,,2–2,,sk Dunajská Streda,13255,Stadion Miejski im. Henryka Reymana,Athanasios Tzilos,Match Report,Leg 2 of 2; DunajskÃ¡ Streda won; Required Extra Time,Europa-League,19,2019-2020
First qualifying round,Thu,2019-07-18,20:00,Milsami md,,1–2,,ro FCSB,3000,Complexul Sportiv Raional,Timotheos Christofi,Match Report,Leg 2 of 2; FCSB won,Europa-League,19,2019-2020
First qualifying round,Thu,2019-07-18,20:00,Petrocub md,,0–1,,cy AÉK Lárnaka,5316,Stadionul Zimbru,Novak SimoviÄ,Match Report,Leg 2 of 2; AÃK LÃ¡rnaka won,Europa-League,19,2019-2020
First qualifying round,Thu,2019-07-18,20:00,Žalgiris lt,,1–1,,hu Honvéd,3725,Vilniaus LFF stadionas,Rohit Saggi,Match Report,Leg 2 of 2; HonvÃ©d won,Europa-League,19,2019-2020
First qualifying round,Thu,2019-07-18,20:00,Apollon cy,,4–0,,lt Kauno Žalgiris,1427,Neo GSP,Vladimir Moskalev,Match Report,Leg 2 of 2; Apollon won,Europa-League,19,2019-2020
First qualifying round,Thu,2019-07-18,21:00,Neftçi az,,6–0,,md Speranţa,6500,Bakcell Arena,Julian Weinberger,Match Report,Leg 2 of 2; NeftÃ§i won,Europa-League,19,2019-2020
First qualifying round,Thu,2019-07-18,21:00,Torpedo Kutaisi ge,,0–2,,kz Ordabasy,3753,Mikheil Meskhis sakhelobis Stadioni,Aristotelis Diamantopoulos,Match Report,Leg 2 of 2; Ordabasy won,Europa-League,19,2019-2020
First qualifying round,Thu,2019-07-18,19:30,Engordany ad,,0–1,,ge Dinamo Tbilisi,408,Estadi Comunal d'Andorra la Vella,BalÃ¡zs Berke,Match Report,Leg 2 of 2; Dinamo Tbilisi won,Europa-League,19,2019-2020
First qualifying round,Thu,2019-07-18,19:30,Progrès lu,,1–2,,ie Cork City FC,1927,Stade Parc des Sports,Matthew De Gabriele,Match Report,Leg 2 of 2; ProgrÃ¨s won,Europa-League,19,2019-2020
First qualifying round,Thu,2019-07-18,20:30,Be'er Sheva il,,1–0,,al Laçi,10980,Turner Stadium,Tihomir Pejin,Match Report,Leg 2 of 2; Be'er Sheva won,Europa-League,19,2019-2020
First qualifying round,Thu,2019-07-18,19:00,B36 fo,,2–3,,nir Crusaders,1422,Gundadalur,Milovan MilaÄiÄ,Match Report,Leg 2 of 2; Crusaders won,Europa-League,19,2019-2020
First qualifying round,Thu,2019-07-18,20:00,Hibernians mt,,0–1,,by Shakhtyor,608,MFA Centenary Stadium,Furkhat Atazhanov,Match Report,Leg 2 of 2; Shakhtyor won,Europa-League,19,2019-2020
First qualifying round,Thu,2019-07-18,20:00,Vidi hu,,0–0,,me Zeta,2148,PuskÃ¡s AkadÃ©mia Pancho ArÃ©na,Paul McLaughlin,Match Report,Leg 2 of 2; Vidi won,Europa-League,19,2019-2020
First qualifying round,Thu,2019-07-18,20:00,Norrköping se,,2–1,,ie St. Patrick's,5925,ÃstgÃ¶taporten,Dejan Jakimovksi,Match Report,Leg 2 of 2; NorrkÃ¶ping won,Europa-League,19,2019-2020
First qualifying round,Thu,2019-07-18,20:00,Hajduk Split hr,,1–3,,mt Gzira United,18236,Stadion Poljud,N. Neokleous,Match Report,Leg 2 of 2; Gzira United won,Europa-League,19,2019-2020
First qualifying round,Thu,2019-07-18,20:00,Kukësi al,,1–1,,hu Debrecen,547,Elbasan Arena,Stanislav Todorov,Match Report,Leg 2 of 2; Debrecen won,Europa-League,19,2019-2020
First qualifying round,Thu,2019-07-18,20:00,N Mura si,,2–3,,il Maccabi Haifa,3950,Mestni Å tadion Fazanerija,Tomasz MusiaÅ,Match Report,Leg 2 of 2; Maccabi Haifa won,Europa-League,19,2019-2020
First qualifying round,Thu,2019-07-18,20:30,Shkupi Skopje mk,,1–2,,am Pyunik,8045,Telekom Arena,Vitalii Romanov,Match Report,Leg 2 of 2; Pyunik won,Europa-League,19,2019-2020
First qualifying round,Thu,2019-07-18,21:30,FK Vitebsk by,,1–1,,fi KuPS,4780,Stadyen Central'ny Vitsyebski,Hugo Miguel,Match Report,Leg 2 of 2; KuPS won,Europa-League,19,2019-2020
First qualifying round,Thu,2019-07-18,19:45,Kilmarnock sct,,0–2,,wls Connah's Quay,8306,Rugby Park,Ferenc KarakÃ³,Match Report,Leg 2 of 2; Connah's Quay won,Europa-League,19,2019-2020
First qualifying round,Thu,2019-07-18,19:45,Ballymena Utd nir,,0–4,,se Malmö,1736,The Showgrounds,Oskari HÃ¤mÃ¤lÃ¤inen,Match Report,Leg 2 of 2; MalmÃ¶ won,Europa-League,19,2019-2020
First qualifying round,Thu,2019-07-18,19:45,Rangers sct,,6–0,,gi St. Joseph's,45718,Ibrox Stadium,Christopher Jaeger,Match Report,Leg 2 of 2; Rangers won,Europa-League,19,2019-2020
First qualifying round,Thu,2019-07-18,20:45,Budućnost me,,4–1,,ee Narva Trans,1700,Stadion Pod Goricom,Stefan Apostolov,Match Report,Leg 2 of 2; BuduÄnost won,Europa-League,19,2019-2020
First qualifying round,Thu,2019-07-18,20:45,Radnički Niš rs,,2–2,,ee Flora,4329,Gradski Stadion Äair,ZbynÄk Proske,Match Report,Leg 2 of 2; Flora won,Europa-League,19,2019-2020
First qualifying round,Thu,2019-07-18,20:45,Spartak Trnava sk,,(3) 2–0 (2),,ba Bijeljina,4222,City Arena Trnava,RÉhim HÉsÉnov,Match Report,Leg 2 of 2; Spartak Trnava won; Spartak Trnava won on penalty kicks following extra time,Europa-League,19,2019-2020
First qualifying round,Thu,2019-07-18,20:45,Domžale si,,1–0,,mt Balzan,1648,Å portni park,Marcel BÃ®rsan,Match Report,Leg 2 of 2; DomÅ¾ale won,Europa-League,19,2019-2020
First qualifying round,Thu,2019-07-18,19:00,KR Reykjavík is,,0–0,,no Molde,355,AlvogenvÃ¶llurinn,Ian McNabb,Match Report,Leg 2 of 2; Molde won,Europa-League,19,2019-2020
First qualifying round,Thu,2019-07-18,20:00,Shamrock Rov ie,,2–1,,no Brann,5135,Richmond Park,KÃ¡ri HÃ¸vdanum,Match Report,Leg 2 of 2; Shamrock Rov won,Europa-League,19,2019-2020
First qualifying round,Thu,2019-07-18,21:00,Legia Warsaw pl,,3–0,,gi Europa,14839,Stadion Miejski Legii Warszawa im. Marsz...,Rob Jenkins,Match Report,Leg 2 of 2; Legia Warsaw won,Europa-League,19,2019-2020
Second qualifying round,Tue,2019-07-23,19:00,Ararat-Armenia am,,2–0,,gi Red Imps,1500,Armenia Football Academy,Trustin Farrugia Cann,Match Report,Leg 1 of 2,Europa-League,19,2019-2020
Second qualifying round,Tue,2019-07-23,16:45,HB fo,,2–2,,nir Linfield,751,Gundadalur,ÃdÃ¡m Farkas,Match Report,Leg 1 of 2,Europa-League,19,2019-2020
Second qualifying round,Tue,2019-07-23,17:55,Shkëndija 79 mk,,1–2,,lu F91 Dudelange,2602,Telekom Arena,Tore Hansen,Match Report,Leg 1 of 2,Europa-League,19,2019-2020
Second qualifying round,Tue,2019-07-23,20:00,Santa Coloma ad,,0–0,,kz Astana FK,382,Estadi Comunal d'Andorra la Vella,Robert Hennessy,Match Report,Leg 1 of 2,Europa-League,19,2019-2020
Second qualifying round,Tue,2019-07-23,20:30,Tre Penne sm,,0–5,,lt Sūduva,354,Stadio Olimpico di Serravalle,Krzysztof Jakubik,Match Report,Leg 1 of 2,Europa-League,19,2019-2020
Second qualifying round,Wed,2019-07-24,18:00,Slovan Bratislava sk,,2–1,,al Feronikeli,7150,Å tadiÃ³n TehelnÃ© pole,Ioannis Papadopoulos,Match Report,Leg 1 of 2,Europa-League,19,2019-2020
Second qualifying round,Thu,2019-07-25,17:30,Pyunik am,,2–1,,cz Jablonec,1940,Gyumri,Fedayi San,Match Report,Leg 1 of 2,Europa-League,19,2019-2020
Second qualifying round,Thu,2019-07-25,17:45,Ventspils lv,,4–0,,mt Gzira United,2196,OlimpiskÄ centra Ventspils StadionÄ,Dimitar MeÄkarovski,Match Report,Leg 1 of 2,Europa-League,19,2019-2020
Second qualifying round,Thu,2019-07-25,19:00,Qəbələ az,,0–2,,ge Dinamo Tbilisi,2800,ÅÉhÉr stadionu,Nick Walsh,Match Report,Leg 1 of 2,Europa-League,19,2019-2020
Second qualifying round,Thu,2019-07-25,17:30,Partizani Tirana al,,0–1,,md Sheriff Tiraspol,1750,Stadiumi Selman StÃ«rmasi,Kirill Levnikov,Match Report,Leg 1 of 2,Europa-League,19,2019-2020
Second qualifying round,Thu,2019-07-25,18:30,AÉK Lárnaka cy,,3–0,,bg Levski Sofia,3177,AEK Arena - George Karapatakis,Tiago Martins,Match Report,Leg 1 of 2,Europa-League,19,2019-2020
Second qualifying round,Thu,2019-07-25,18:30,Utrecht nl,,1–1,,ba Zrinjski Mostar,17221,Stadion Galgenwaard,Aleksey Eskov,Match Report,Leg 1 of 2,Europa-League,19,2019-2020
Second qualifying round,Thu,2019-07-25,20:45,Chikhura ge,,1–1,,sct Aberdeen,3218,Boris Paichadzis Erovnuli Stadioni,HoraÈiu Fesnic,Match Report,Leg 1 of 2,Europa-League,19,2019-2020
Second qualifying round,Thu,2019-07-25,18:55,Honvéd hu,,0–0,,ro CS U Craiova,3218,ETO Park,Kevin Clancy,Match Report,Leg 1 of 2,Europa-League,19,2019-2020
Second qualifying round,Thu,2019-07-25,19:00,Mladá Boleslav cz,,1–1,,kz Ordabasy,3721,Adidas ArÃ©na,Sergey Tsinkevich,Match Report,Leg 1 of 2,Europa-League,19,2019-2020
Second qualifying round,Thu,2019-07-25,19:00,Molde no,,0–0,,rs Čukarički,3198,Aker Stadion,Donald Robertson,Match Report,Leg 1 of 2,Europa-League,19,2019-2020
Second qualifying round,Thu,2019-07-25,19:00,Haugesund no,,2–0,,at Sturm Graz,3501,Haugesund Stadion,Donatas RumÅ¡as,Match Report,Leg 1 of 2,Europa-League,19,2019-2020
Second qualifying round,Thu,2019-07-25,19:00,Lechia Gdańsk pl,,2–1,,dk Brøndby,25875,Stadion Energa GdaÅsk,John Beaton,Match Report,Leg 1 of 2,Europa-League,19,2019-2020
Second qualifying round,Thu,2019-07-25,20:00,Shakhtyor by,,2–0,,dk Esbjerg,3050,Stadyen BudaÅ­nik,Mete Kalkavan,Match Report,Leg 1 of 2,Europa-League,19,2019-2020
Second qualifying round,Thu,2019-07-25,20:00,Yeni Mal'spor tr,,2–2,,si Olimpija,9146,Yeni Malatya Stadyumu,JoÃ£o Pinheiro,Match Report,Leg 1 of 2,Europa-League,19,2019-2020
Second qualifying round,Thu,2019-07-25,20:00,Flora ee,,1–2,,de Eint Frankfurt,8500,A. Le Coq Arena,Ali PalabÄ±yÄ±k,Match Report,Leg 1 of 2,Europa-League,19,2019-2020
Second qualifying round,Thu,2019-07-25,20:00,Arsenal Tula ru,,0–1,,az Neftçi,16720,Stadion Arsenal,Enea Jorgji,Match Report,Leg 1 of 2,Europa-League,19,2019-2020
Second qualifying round,Thu,2019-07-25,21:00,Alashkert am,,0–3,,ro FCSB,1420,Armenia Football Academy,Robert Harvey,Match Report,Leg 1 of 2,Europa-League,19,2019-2020
Second qualifying round,Thu,2019-07-25,18:30,Connah's Quay wls,,0–1,,rs Partizan,829,Corbett Sports Stadium,Michal Ocenas,Match Report,Leg 1 of 2,Europa-League,19,2019-2020
Second qualifying round,Thu,2019-07-25,20:30,CSKA Sofia bg,,1–0,,hr Osijek,7500,Stadion BÃ¢lgarska Armija,Paolo Valeri,Match Report,Leg 1 of 2,Europa-League,19,2019-2020
Second qualifying round,Thu,2019-07-25,20:30,Be'er Sheva il,,2–0,,kz Qaırat Almaty,8167,Turner Stadium,Ricardo de Burgos,Match Report,Leg 1 of 2,Europa-League,19,2019-2020
Second qualifying round,Thu,2019-07-25,20:30,Loko Plovdiv bg,,2–0,,sk Spartak Trnava,5900,Stadion Lokomotiv,Timotheos Christofi,Match Report,Leg 1 of 2,Europa-League,19,2019-2020
Second qualifying round,Thu,2019-07-25,20:00,Norrköping se,,2–0,,lv FK Liepāja,5440,ÃstgÃ¶taporten,HÃ¼seyin GÃ¶Ã§ek,Match Report,Leg 1 of 2,Europa-League,19,2019-2020
Second qualifying round,Thu,2019-07-25,20:00,Piast Gliwice pl,,3–2,,lv Rīga FC,5100,Stadion Miejski,Manuel SchÃ¼ttengruber,Match Report,Leg 1 of 2,Europa-League,19,2019-2020
Second qualifying round,Thu,2019-07-25,20:00,Vidi hu,,1–0,,li Vaduz,2224,PuskÃ¡s AkadÃ©mia Pancho ArÃ©na,Kai Erik Steen,Match Report,Leg 1 of 2,Europa-League,19,2019-2020
Second qualifying round,Thu,2019-07-25,20:15,Luzern ch,,1–0,,fo KÍ,6344,swissporarena,Halis Ãzkahya,Match Report,Leg 1 of 2,Europa-League,19,2019-2020
Second qualifying round,Thu,2019-07-25,20:30,AZ Alkmaar nl,,0–0,,se Häcken,11492,AFAS Stadion,Serhiy Boiko,Match Report,Leg 1 of 2,Europa-League,19,2019-2020
Second qualifying round,Thu,2019-07-25,20:30,Dunajská Streda sk,,1–2,,gr Atromitos,9980,MOL ArÃ©na,Bastian Dankert,Match Report,Leg 1 of 2,Europa-League,19,2019-2020
Second qualifying round,Thu,2019-07-25,20:30,Gent be,,6–3,,ro Viitorul,13398,GHELAMCO-arena,Aleksandar Stavrev,Match Report,Leg 1 of 2,Europa-League,19,2019-2020
Second qualifying round,Thu,2019-07-25,20:30,Jeunesse Esch lu,,0–1,,pt Vitória,3617,Stade de la FrontiÃ¨re,Bojan Pandzic,Match Report,Leg 1 of 2,Europa-League,19,2019-2020
Second qualifying round,Thu,2019-07-25,21:30,Aris gr,,0–0,,cy AE Lemesós,17488,Stadio Harilaou KleÃ¡nthis VikelÃ­dis,Stuart Attwell,Match Report,Leg 1 of 2,Europa-League,19,2019-2020
Second qualifying round,Thu,2019-07-25,19:45,Rangers sct,,2–0,,lu Progrès,43629,Ibrox Stadium,Espen Andreas EskÃ¥s,Match Report,Leg 1 of 2,Europa-League,19,2019-2020
Second qualifying round,Thu,2019-07-25,19:45,Wolves eng,,2–0,,nir Crusaders,29708,Molineux Stadium,Kristoffer Karlsson,Match Report,Leg 1 of 2,Europa-League,19,2019-2020
Second qualifying round,Thu,2019-07-25,20:45,Domžale si,,2–2,,se Malmö,2043,Å portni park,Michael Fabbri,Match Report,Leg 1 of 2,Europa-League,19,2019-2020
Second qualifying round,Thu,2019-07-25,20:45,Strasbourg fr,,3–1,,il Maccabi Haifa,20137,Stade de la Meinau,Kevin Blom,Match Report,Leg 1 of 2,Europa-League,19,2019-2020
Second qualifying round,Thu,2019-07-25,20:45,Budućnost me,,1–3,,ua Zorya Luhansk,5500,Stadion Pod Goricom,Massimiliano Irrati,Match Report,Leg 1 of 2,Europa-League,19,2019-2020
Second qualifying round,Thu,2019-07-25,19:00,Valur is,,1–1,,bg Ludogorets,802,Origo VÃ¶llurinn,Georgios Kominis,Match Report,Leg 1 of 2,Europa-League,19,2019-2020
Second qualifying round,Thu,2019-07-25,20:00,Shamrock Rov ie,,2–1,,cy Apollon,5396,Tallaght Stadium,Stephan Klossner,Match Report,Leg 1 of 2,Europa-League,19,2019-2020
Second qualifying round,Thu,2019-07-25,21:00,Legia Warsaw pl,,1–0,,fi KuPS,11678,Stadion Miejski Legii Warszawa im. Marsz...,Ivan Bebek,Match Report,Leg 1 of 2,Europa-League,19,2019-2020
Second qualifying round,Thu,2019-07-25,21:00,Torino it,,3–0,,hu Debrecen,4376,Stadio Giuseppe Moccagatta,Jens Maae,Match Report,Leg 1 of 2,Europa-League,19,2019-2020
Second qualifying round,Thu,2019-07-25,21:00,Espanyol es,,4–0,,is Stjarnan,19122,RCDE Stadium,Alain Durieux,Match Report,Leg 1 of 2,Europa-League,19,2019-2020
Second qualifying round,Tue,2019-07-30,17:45,Red Imps gi,,1–2,,am Ararat-Armenia,684,Victoria Stadium,Alexandre Boucaut,Match Report,Leg 2 of 2; Ararat-Armenia won,Europa-League,19,2019-2020
Second qualifying round,Tue,2019-07-30,18:45,Sūduva lt,,5–0,,sm Tre Penne,1850,SÅ«duvos stadionas,Artyom Kuchin,Match Report,Leg 2 of 2; SÅ«duva won,Europa-League,19,2019-2020
Second qualifying round,Tue,2019-07-30,17:55,F91 Dudelange lu,,1–1,,mk Shkëndija 79,1022,Stade Josy Barthel,Iwan Griffiths,Match Report,Leg 2 of 2; F91 Dudelange won,Europa-League,19,2019-2020
Second qualifying round,Tue,2019-07-30,18:00,Feronikeli al,,0–2,,sk Slovan Bratislava,5250,Stadiumi Fadil Vokrri,Igal Frid,Match Report,Leg 2 of 2; Slovan Bratislava won,Europa-League,19,2019-2020
Second qualifying round,Wed,2019-07-31,20:45,Čukarički rs,,1–3,,no Molde,3014,Stadion na Banovom brdu,Mykola Balakin,Match Report,Leg 2 of 2; Molde won,Europa-League,19,2019-2020
Second qualifying round,Thu,2019-08-01,20:00,Astana FK kz,,4–1,,ad Santa Coloma,16103,Astana Arena,Giorgi Kruashvili,Match Report,Leg 2 of 2; Astana FK won,Europa-League,19,2019-2020
Second qualifying round,Thu,2019-08-01,20:00,Ordabasy kz,,2–3,,cz Mladá Boleslav,17000,Stadion Qajimuqan MuÃ±aytpasov,Mads-Kristoffer Kristoffersen,Match Report,Leg 2 of 2; MladÃ¡ Boleslav won,Europa-League,19,2019-2020
Second qualifying round,Thu,2019-08-01,20:30,Qaırat Almaty kz,,1–1,,il Be'er Sheva,23000,OrtalÄ±q Stadion,Ola Nilsen,Match Report,Leg 2 of 2; Be'er Sheva won,Europa-League,19,2019-2020
Second qualifying round,Thu,2019-08-01,18:00,Viitorul ro,,2–1,,be Gent,4088,Stadionul Central,JosÃ© Luis Munuera,Match Report,Leg 2 of 2; Gent won,Europa-League,19,2019-2020
Second qualifying round,Thu,2019-08-01,19:00,Zorya Luhansk ua,,1–0,,me Budućnost,6158,Slavutych-Arena,Neil Doyle,Match Report,Leg 2 of 2; Zorya Luhansk won,Europa-League,19,2019-2020
Second qualifying round,Thu,2019-08-01,19:00,KuPS fi,,0–0,,pl Legia Warsaw,3200,Savon Sanomat Areena,Lawrence Visser,Match Report,Leg 2 of 2; Legia Warsaw won,Europa-League,19,2019-2020
Second qualifying round,Thu,2019-08-01,19:15,CS U Craiova ro,,(3) 0–0 (1),,hu Honvéd,22134,Stadionul Ion Oblemenco,Arnold Hunter,Match Report,Leg 2 of 2; CS U Craiova won; CS U Craiova won on penalty kicks following extra time,Europa-League,19,2019-2020
Second qualifying round,Thu,2019-08-01,18:30,Debrecen hu,,1–4,,it Torino,15350,OlÃ¡h GÃ¡bor utcai stadion,Fran JoviÄ,Match Report,Leg 2 of 2; Torino won,Europa-League,19,2019-2020
Second qualifying round,Thu,2019-08-01,18:30,Häcken se,,0–3,,nl AZ Alkmaar,3845,Bravida Arena,Franck Schneider,Match Report,Leg 2 of 2; AZ Alkmaar won,Europa-League,19,2019-2020
Second qualifying round,Thu,2019-08-01,19:30,Rīga FC lv,,2–1,,pl Piast Gliwice,3541,Stadions Skonto,Eitan Shmuelevich,Match Report,Leg 2 of 2; RÄ«ga FC won,Europa-League,19,2019-2020
Second qualifying round,Thu,2019-08-01,19:30,Levski Sofia bg,,0–4,,cy AÉK Lárnaka,550,Stadion Georgi Asparuhov,Glenn Nyberg,Match Report,Leg 2 of 2; AÃK LÃ¡rnaka won,Europa-League,19,2019-2020
Second qualifying round,Thu,2019-08-01,18:00,KÍ fo,,0–1,,ch Luzern,1229,SvangaskarÃ°,Martin StrÃ¶mbergsson,Match Report,Leg 2 of 2; Luzern won,Europa-League,19,2019-2020
Second qualifying round,Thu,2019-08-01,19:00,Zrinjski Mostar ba,,2–1,,nl Utrecht,5984,Stadion Bijeli Brijeg,Antti Munukka,Match Report,Leg 2 of 2; Zrinjski Mostar won; Required Extra Time,Europa-League,19,2019-2020
Second qualifying round,Thu,2019-08-01,19:00,Vaduz li,,2–0,,hu Vidi,1253,Rheinpark Stadion,Manfredas LukjanÄukas,Match Report,Leg 2 of 2; Vaduz won; Required Extra Time,Europa-League,19,2019-2020
Second qualifying round,Thu,2019-08-01,19:00,Malmö se,,3–2,,si Domžale,12348,Swedbank Stadion,Amaury Delerue,Match Report,Leg 2 of 2; MalmÃ¶ won,Europa-League,19,2019-2020
Second qualifying round,Thu,2019-08-01,19:00,Jablonec cz,,0–0,,am Pyunik,3675,Stadion StÅelnice,Sergey Lapochkin,Match Report,Leg 2 of 2; Pyunik won,Europa-League,19,2019-2020
Second qualifying round,Thu,2019-08-01,20:00,Maccabi Haifa il,,2–1,,fr Strasbourg,23038,Sammy Ofer Stadium,Maurizio Mariani,Match Report,Leg 2 of 2; Strasbourg won,Europa-League,19,2019-2020
Second qualifying round,Thu,2019-08-01,20:00,FK Liepāja lv,,0–1,,se Norrköping,4174,Stadions Daugava,Marius Avram,Match Report,Leg 2 of 2; NorrkÃ¶ping won,Europa-League,19,2019-2020
Second qualifying round,Thu,2019-08-01,20:00,Sheriff Tiraspol md,,1–1,,al Partizani Tirana,5248,Bolshaya Sportivnaya Arena,Igor PajaÄ,Match Report,Leg 2 of 2; Sheriff Tiraspol won,Europa-League,19,2019-2020
Second qualifying round,Thu,2019-08-01,20:00,Apollon cy,,3–1,,ie Shamrock Rov,2987,Neo GSP,Michael Tykgaard,Match Report,Leg 2 of 2; Apollon won; Required Extra Time,Europa-League,19,2019-2020
Second qualifying round,Thu,2019-08-01,20:00,Atromitos gr,,3–2,,sk Dunajská Streda,2450,Stadio Peristeriou,Mohammed Al Hakim,Match Report,Leg 2 of 2; Atromitos won,Europa-League,19,2019-2020
Second qualifying round,Thu,2019-08-01,20:00,AE Lemesós cy,,0–1,,gr Aris,3346,AEK Arena - George Karapatakis,Jorge de Sousa,Match Report,Leg 2 of 2; Aris won,Europa-League,19,2019-2020
Second qualifying round,Thu,2019-08-01,21:00,Neftçi az,,3–0,,ru Arsenal Tula,9000,Bakcell Arena,Alan Sant,Match Report,Leg 2 of 2; NeftÃ§i won,Europa-League,19,2019-2020
Second qualifying round,Thu,2019-08-01,21:00,Dinamo Tbilisi ge,,3–0,,az Qəbələ,8153,Boris Paichadzis Erovnuli Stadioni,Petri Viljanen,Match Report,Leg 2 of 2; Dinamo Tbilisi won,Europa-League,19,2019-2020
Second qualifying round,Thu,2019-08-01,19:30,Brøndby dk,,4–1,,pl Lechia Gdańsk,16426,BrÃ¸ndby Stadion,Miroslav Zelinka,Match Report,Leg 2 of 2; BrÃ¸ndby won; Required Extra Time,Europa-League,19,2019-2020
Second qualifying round,Thu,2019-08-01,19:30,Progrès lu,,0–0,,sct Rangers,3867,Stade Parc des Sports,Ivaylo Stoyanov,Match Report,Leg 2 of 2; Rangers won,Europa-League,19,2019-2020
Second qualifying round,Thu,2019-08-01,20:30,Ludogorets bg,,4–0,,is Valur,4120,Ludogorets Arena,Pavel Orel,Match Report,Leg 2 of 2; Ludogorets won,Europa-League,19,2019-2020
Second qualifying round,Thu,2019-08-01,19:45,Esbjerg dk,,0–0,,by Shakhtyor,4517,Blue Water Arena,Duje Strukan,Match Report,Leg 2 of 2; Shakhtyor won,Europa-League,19,2019-2020
Second qualifying round,Thu,2019-08-01,20:00,Olimpija si,,0–1,,tr Yeni Mal'spor,7812,Stadion StoÅ¾ice,Filip Glova,Match Report,Leg 2 of 2; Yeni Mal'spor won,Europa-League,19,2019-2020
Second qualifying round,Thu,2019-08-01,20:00,Gzira United mt,,2–2,,lv Ventspils,332,MFA Centenary Stadium,Ãorvaldur Ãrnason,Match Report,Leg 2 of 2; Ventspils won,Europa-League,19,2019-2020
Second qualifying round,Thu,2019-08-01,20:30,Sturm Graz at,,2–1,,no Haugesund,3000,Merkur Arena,Juri Frischer,Match Report,Leg 2 of 2; Haugesund won,Europa-League,19,2019-2020
Second qualifying round,Thu,2019-08-01,20:30,Eint Frankfurt de,,2–1,,ee Flora,48000,Commerzbank-Arena,JÃ¸rgen Burchardt,Match Report,Leg 2 of 2; Eint Frankfurt won,Europa-League,19,2019-2020
Second qualifying round,Thu,2019-08-01,21:30,FCSB ro,,2–3,,am Alashkert,1828,Stadionul Marin Anastasovici,Peter KrÃ¡Ä¾oviÄ,Match Report,Leg 2 of 2; FCSB won,Europa-League,19,2019-2020
Second qualifying round,Thu,2019-08-01,19:45,Aberdeen sct,,5–0,,ge Chikhura,15167,Aberdeen Sports Village Indoor Stadium,Rade ObrenoviÄ,Match Report,Leg 2 of 2; Aberdeen won,Europa-League,19,2019-2020
Second qualifying round,Thu,2019-08-01,19:45,Linfield nir,,1–0,,fo HB,,Windsor Park,Halil Meler,Match Report,Leg 2 of 2; Linfield won,Europa-League,19,2019-2020
Second qualifying round,Thu,2019-08-01,20:45,Osijek hr,,(3) 1–0 (4),,bg CSKA Sofia,7214,Stadion Gradski vrt,Robert SchÃ¶rgenhofer,Match Report,Leg 2 of 2; CSKA Sofia won; CSKA Sofia won on penalty kicks following extra time,Europa-League,19,2019-2020
Second qualifying round,Thu,2019-08-01,20:45,Spartak Trnava sk,,3–1,,bg Loko Plovdiv,6702,City Arena Trnava,Erik Lambrechts,Match Report,Leg 2 of 2; Loko Plovdiv won,Europa-League,19,2019-2020
Second qualifying round,Thu,2019-08-01,20:00,Crusaders nir,,1–4,,eng Wolves,2700,Seaview,Nejc KajtazoviÄ,Match Report,Leg 2 of 2; Wolves won,Europa-League,19,2019-2020
Second qualifying round,Thu,2019-08-01,20:00,Vitória pt,,4–0,,lu Jeunesse Esch,16352,EstÃ¡dio Dom Afonso Henriques,Vitaly Meshkov,Match Report,Leg 2 of 2; VitÃ³ria won,Europa-League,19,2019-2020
Second qualifying round,Thu,2019-08-01,21:00,Partizan rs,,3–0,,wls Connah's Quay,8200,Stadion Partizana,LuÃ­s Godinho,Match Report,Leg 2 of 2; Partizan won,Europa-League,19,2019-2020
Second qualifying round,Thu,2019-08-01,19:15,Stjarnan is,,1–3,,es Espanyol,1020,Samsung vÃ¶llurinn,Dumitru Muntean,Match Report,Leg 2 of 2; Espanyol won,Europa-League,19,2019-2020
Third qualifying round,Tue,2019-08-06,19:00,Ararat-Armenia am,,1–2,,ge Saburtalo,10500,Vazgen Sargsyan anvan Hanrapetakan Marza...,Alain Bieri,Match Report,Leg 1 of 2,Europa-League,19,2019-2020
Third qualifying round,Tue,2019-08-06,19:00,Rīga FC lv,,1–1,,fi HJK,3468,Daugavas StadionÄ,Kirill Levnikov,Match Report,Leg 1 of 2,Europa-League,19,2019-2020
Third qualifying round,Tue,2019-08-06,20:15,Sutjeska Nikšić me,,1–2,,nir Linfield,3850,Stadion Pod Goricom,Alan Sant,Match Report,Leg 1 of 2,Europa-League,19,2019-2020
Third qualifying round,Wed,2019-08-07,20:15,Slovan Bratislava sk,,1–0,,ie Dundalk,9980,Å tadiÃ³n TehelnÃ© pole,Franck Schneider,Match Report,Leg 1 of 2,Europa-League,19,2019-2020
Third qualifying round,Thu,2019-08-08,20:00,Astana FK kz,,5–1,,mt Valletta,18707,Astana Arena,Vladislav Bezborodov,Match Report,Leg 1 of 2,Europa-League,19,2019-2020
Third qualifying round,Thu,2019-08-08,18:30,AÉK Lárnaka cy,,1–1,,be Gent,3360,AEK Arena - George Karapatakis,Svein Oddvar Moen,Match Report,Leg 1 of 2,Europa-League,19,2019-2020
Third qualifying round,Thu,2019-08-08,18:00,Sparta Prague cz,,2–2,,tr Trabzonspor,,Generali Arena,JosÃ© Luis Munuera,Match Report,Leg 1 of 2,Europa-League,19,2019-2020
Third qualifying round,Thu,2019-08-08,20:00,Pyunik am,,0–4,,eng Wolves,13050,Vazgen Sargsyan anvan Hanrapetakan Marza...,Michael Fabbri,Match Report,Leg 1 of 2,Europa-League,19,2019-2020
Third qualifying round,Thu,2019-08-08,19:15,CS U Craiova ro,,0–2,,gr AEK Athens,2530,Stadionul Ion Oblemenco,Dennis Higler,Match Report,Leg 1 of 2,Europa-League,19,2019-2020
Third qualifying round,Thu,2019-08-08,18:30,Brøndby dk,,2–4,,pt Braga,15642,BrÃ¸ndby Stadion,TamÃ¡s BognÃ¡r,Match Report,Leg 1 of 2,Europa-League,19,2019-2020
Third qualifying round,Thu,2019-08-08,19:45,Ventspils lv,,0–3,,pt Vitória,472,Daugavas StadionÄ,Filip Glova,Match Report,Leg 1 of 2,Europa-League,19,2019-2020
Third qualifying round,Thu,2019-08-08,19:00,Thun ch,,2–3,,ru Spartak Moscow,6150,Stockhorn Arena,Irfan Peljto,Match Report,Leg 1 of 2,Europa-League,19,2019-2020
Third qualifying round,Thu,2019-08-08,19:00,Molde no,,3–0,,gr Aris,3953,Aker Stadion,Maurizio Mariani,Match Report,Leg 1 of 2,Europa-League,19,2019-2020
Third qualifying round,Thu,2019-08-08,19:00,Malmö se,,3–0,,ba Zrinjski Mostar,14103,Swedbank Stadion,Stuart Attwell,Match Report,Leg 1 of 2,Europa-League,19,2019-2020
Third qualifying round,Thu,2019-08-08,19:00,Haugesund no,,0–1,,nl PSV Eindhoven,5150,Haugesund Stadion,Matej Jug,Match Report,Leg 1 of 2,Europa-League,19,2019-2020
Third qualifying round,Thu,2019-08-08,20:00,FC Mariupol ua,,0–0,,nl AZ Alkmaar,4426,Stadion Chornomorets,Michael Tykgaard,Match Report,Leg 1 of 2,Europa-League,19,2019-2020
Third qualifying round,Thu,2019-08-08,20:00,Sheriff Tiraspol md,,1–2,,se AIK Stockholm,6341,Bolshaya Sportivnaya Arena,Kevin Clancy,Match Report,Leg 1 of 2,Europa-League,19,2019-2020
Third qualifying round,Thu,2019-08-08,21:00,Neftçi az,,2–2,,il Bnei Yehuda TA,10000,Bakcell Arena,Karim Abed,Match Report,Leg 1 of 2,Europa-League,19,2019-2020
Third qualifying round,Thu,2019-08-08,19:30,Antwerp be,,1–0,,cz Viktoria Plzeň,15734,Stade Roi Baudouin,Jens Maae,Match Report,Leg 1 of 2,Europa-League,19,2019-2020
Third qualifying round,Thu,2019-08-08,19:30,Feyenoord nl,,4–0,,ge Dinamo Tbilisi,36500,Stadion Feijenoord,Serhiy Boiko,Match Report,Leg 1 of 2,Europa-League,19,2019-2020
Third qualifying round,Thu,2019-08-08,20:30,CSKA Sofia bg,,1–1,,ua Zorya Luhansk,15310,Stadion Vasil Levski,Sandro SchÃ¤rer,Match Report,Leg 1 of 2,Europa-League,19,2019-2020
Third qualifying round,Thu,2019-08-08,20:30,Ludogorets bg,,5–0,,wls The New Saints,4120,Ludogorets Arena,Marius Avram,Match Report,Leg 1 of 2,Europa-League,19,2019-2020
Third qualifying round,Thu,2019-08-08,20:30,Loko Plovdiv bg,,0–1,,fr Strasbourg,7600,Stadion Lokomotiv,JoÃ£o Pinheiro,Match Report,Leg 1 of 2,Europa-League,19,2019-2020
Third qualifying round,Thu,2019-08-08,20:30,Maccabi Tel Aviv il,,1–2,,lt Sūduva,8512,Winner Stadium,Neil Doyle,Match Report,Leg 1 of 2,Europa-League,19,2019-2020
Third qualifying round,Thu,2019-08-08,19:45,Sarajevo ba,,1–2,,by BATE Borisov,7124,Stadion Bilino Polje,Alexandre Boucaut,Match Report,Leg 1 of 2,Europa-League,19,2019-2020
Third qualifying round,Thu,2019-08-08,20:00,Norrköping se,,1–1,,il Be'er Sheva,6479,ÃstgÃ¶taporten,Pol van Boekel,Match Report,Leg 1 of 2,Europa-League,19,2019-2020
Third qualifying round,Thu,2019-08-08,20:00,Midtjylland dk,,2–4,,sct Rangers,9322,MCH Arena,Kristo Tohver,Match Report,Leg 1 of 2,Europa-League,19,2019-2020
Third qualifying round,Thu,2019-08-08,20:00,F91 Dudelange lu,,3–1,,ee Nõmme Kalju,1239,Stade Josy Barthel,FÃ¡bio VerÃ­ssimo,Match Report,Leg 1 of 2,Europa-League,19,2019-2020
Third qualifying round,Thu,2019-08-08,20:00,Rijeka hr,,2–0,,sct Aberdeen,6452,Stadion HNK Rijeka,Ricardo de Burgos,Match Report,Leg 1 of 2,Europa-League,19,2019-2020
Third qualifying round,Thu,2019-08-08,20:30,Austria Wien at,,1–2,,cy Apollon,8165,Generali Arena,Massimiliano Irrati,Match Report,Leg 1 of 2,Europa-League,19,2019-2020
Third qualifying round,Thu,2019-08-08,20:30,Vaduz li,,0–5,,de Eint Frankfurt,5908,Rheinpark Stadion,Paul Tierney,Match Report,Leg 1 of 2,Europa-League,19,2019-2020
Third qualifying round,Thu,2019-08-08,21:30,FCSB ro,,0–0,,cz Mladá Boleslav,2315,Stadionul Marin Anastasovici,Adrien Jaccottet,Match Report,Leg 1 of 2,Europa-League,19,2019-2020
Third qualifying round,Thu,2019-08-08,21:00,Legia Warsaw pl,,0–0,,gr Atromitos,15093,Stadion Miejski Legii Warszawa im. Marsz...,Manuel SchÃ¼ttengruber,Match Report,Leg 1 of 2,Europa-League,19,2019-2020
Third qualifying round,Thu,2019-08-08,21:00,Luzern ch,,0–3,,es Espanyol,9191,swissporarena,Fran JoviÄ,Match Report,Leg 1 of 2,Europa-League,19,2019-2020
Third qualifying round,Thu,2019-08-08,21:00,Partizan rs,,3–1,,tr Yeni Mal'spor,13442,Stadion Partizana,Sergey Ivanov,Match Report,Leg 1 of 2,Europa-League,19,2019-2020
Third qualifying round,Thu,2019-08-08,21:00,Torino it,,5–0,,by Shakhtyor,15977,Stadio Olimpico di Torino,Daniel StefaÅski,Match Report,Leg 1 of 2,Europa-League,19,2019-2020
Third qualifying round,Tue,2019-08-13,19:00,Nõmme Kalju ee,,0–1,,lu F91 Dudelange,1202,A. Le Coq Arena,Sergey Lapochkin,Match Report,Leg 2 of 2; F91 Dudelange won,Europa-League,19,2019-2020
Third qualifying round,Tue,2019-08-13,19:45,Linfield nir,,3–2,,me Sutjeska Nikšić,3639,Windsor Park,Miroslav Zelinka,Match Report,Leg 2 of 2; Linfield won,Europa-League,19,2019-2020
Third qualifying round,Tue,2019-08-13,20:00,Dundalk ie,,1–3,,sk Slovan Bratislava,4199,Tallaght Stadium,Robert SchÃ¶rgenhofer,Match Report,Leg 2 of 2; Slovan Bratislava won,Europa-League,19,2019-2020
Third qualifying round,Wed,2019-08-14,17:00,Vitória pt,,6–0,,lv Ventspils,14904,EstÃ¡dio Dom Afonso Henriques,Halil Meler,Match Report,Leg 2 of 2; VitÃ³ria won,Europa-League,19,2019-2020
Third qualifying round,Wed,2019-08-14,19:00,Atromitos gr,,0–2,,pl Legia Warsaw,2019,Stadio Peristeriou,Scott Parker,Match Report,Leg 2 of 2; Legia Warsaw won,Europa-League,19,2019-2020
Third qualifying round,Wed,2019-08-14,20:00,Saburtalo ge,,0–2,,am Ararat-Armenia,12741,Mikheil Meskhis sakhelobis Stadioni,Mykola Balakin,Match Report,Leg 2 of 2; Ararat-Armenia won,Europa-League,19,2019-2020
Third qualifying round,Thu,2019-08-15,19:00,HJK fi,,2–2,,lv Rīga FC,6847,Telia 5G -areena,Mohammed Al Hakim,Match Report,Leg 2 of 2; RÄ«ga FC won,Europa-League,19,2019-2020
Third qualifying round,Thu,2019-08-15,20:30,Dinamo Tbilisi ge,,1–1,,nl Feyenoord,,Boris Paichadzis Erovnuli Stadioni,Sascha Stegemann,Match Report,Leg 2 of 2; Feyenoord won,Europa-League,19,2019-2020
Third qualifying round,Thu,2019-08-15,19:45,Spartak Moscow ru,,2–1,,ch Thun,33076,Otkrytie Arena,SrÄan JovanoviÄ,Match Report,Leg 2 of 2; Spartak Moscow won,Europa-League,19,2019-2020
Third qualifying round,Thu,2019-08-15,19:00,AIK Stockholm se,,1–1,,md Sheriff Tiraspol,13122,Friends Arena,Roi Reinshreiber,Match Report,Leg 2 of 2; AIK Stockholm won,Europa-League,19,2019-2020
Third qualifying round,Thu,2019-08-15,19:00,Zrinjski Mostar ba,,1–0,,se Malmö,4509,Stadion Pecara,Artyom Kuchin,Match Report,Leg 2 of 2; MalmÃ¶ won,Europa-League,19,2019-2020
Third qualifying round,Thu,2019-08-15,19:00,Mladá Boleslav cz,,0–1,,ro FCSB,4695,Adidas ArÃ©na,Jonathan Lardot,Match Report,Leg 2 of 2; FCSB won,Europa-League,19,2019-2020
Third qualifying round,Thu,2019-08-15,20:00,Zorya Luhansk ua,,1–0,,bg CSKA Sofia,7857,Slavutych-Arena,Amaury Delerue,Match Report,Leg 2 of 2; Zorya Luhansk won,Europa-League,19,2019-2020
Third qualifying round,Thu,2019-08-15,20:00,Shakhtyor by,,1–1,,it Torino,6154,Stadyen Dynama,Radu Petrescu,Match Report,Leg 2 of 2; Torino won,Europa-League,19,2019-2020
Third qualifying round,Thu,2019-08-15,20:00,Apollon cy,,3–1,,at Austria Wien,2750,Neo GSP,PaweÅ Gil,Match Report,Leg 2 of 2; Apollon won,Europa-League,19,2019-2020
Third qualifying round,Thu,2019-08-15,20:00,BATE Borisov by,,0–0,,ba Sarajevo,11876,Borisov Arena,Kevin Blom,Match Report,Leg 2 of 2; BATE Borisov won,Europa-League,19,2019-2020
Third qualifying round,Thu,2019-08-15,20:00,Bnei Yehuda TA il,,2–1,,az Neftçi,4000,HaMoshava-Stadion,Daniele Doveri,Match Report,Leg 2 of 2; Bnei Yehuda TA won,Europa-League,19,2019-2020
Third qualifying round,Thu,2019-08-15,20:00,Yeni Mal'spor tr,,1–0,,rs Partizan,14665,Yeni Malatya Stadyumu,Chris Kavanagh,Match Report,Leg 2 of 2; Partizan won,Europa-League,19,2019-2020
Third qualifying round,Thu,2019-08-15,20:00,Sūduva lt,,2–1,,il Maccabi Tel Aviv,5337,MarijampolÄs sporto centro stadione,Tore Hansen,Match Report,Leg 2 of 2; SÅ«duva won,Europa-League,19,2019-2020
Third qualifying round,Thu,2019-08-15,18:30,The New Saints wls,,0–4,,bg Ludogorets,712,Racecourse Ground,Kristo Tohver,Match Report,Leg 2 of 2; Ludogorets won,Europa-League,19,2019-2020
Third qualifying round,Thu,2019-08-15,20:30,Trabzonspor tr,,2–1,,cz Sparta Prague,34462,Åenol GÃ¼neÅ Stadyumu,Jakob Kehlet,Match Report,Leg 2 of 2; Trabzonspor won,Europa-League,19,2019-2020
Third qualifying round,Thu,2019-08-15,20:30,Be'er Sheva il,,3–1,,se Norrköping,10088,Turner Stadium,Anastasios Papapetrou,Match Report,Leg 2 of 2; Be'er Sheva won,Europa-League,19,2019-2020
Third qualifying round,Thu,2019-08-15,20:00,Viktoria Plzeň cz,,2–1,,be Antwerp,9717,Doosan Arena,Davide Massa,Match Report,Leg 2 of 2; Antwerp won; Required Extra Time,Europa-League,19,2019-2020
Third qualifying round,Thu,2019-08-15,20:00,Valletta mt,,0–4,,kz Astana FK,595,Ta'Qali National Stadium,Stephan Klossner,Match Report,Leg 2 of 2; Astana FK won,Europa-League,19,2019-2020
Third qualifying round,Thu,2019-08-15,21:00,AEK Athens gr,,1–1,,ro CS U Craiova,,Olympiako Stadio Spyros Louis,JÃ©rÃ´me Brisard,Match Report,Leg 2 of 2; AEK Athens won,Europa-League,19,2019-2020
Third qualifying round,Thu,2019-08-15,20:30,Strasbourg fr,,1–0,,bg Loko Plovdiv,19109,Stade de la Meinau,John Beaton,Match Report,Leg 2 of 2; Strasbourg won,Europa-League,19,2019-2020
Third qualifying round,Thu,2019-08-15,20:30,AZ Alkmaar nl,,4–0,,ua FC Mariupol,8018,Cars Jeans Stadion,Bartosz Frankowski,Match Report,Leg 2 of 2; AZ Alkmaar won,Europa-League,19,2019-2020
Third qualifying round,Thu,2019-08-15,20:30,Gent be,,3–0,,cy AÉK Lárnaka,15533,GHELAMCO-arena,Martin StrÃ¶mbergsson,Match Report,Leg 2 of 2; Gent won,Europa-League,19,2019-2020
Third qualifying round,Thu,2019-08-15,20:30,Eint Frankfurt de,,1–0,,li Vaduz,48000,Commerzbank-Arena,Nikola DabanoviÄ,Match Report,Leg 2 of 2; Eint Frankfurt won,Europa-League,19,2019-2020
Third qualifying round,Thu,2019-08-15,20:30,PSV Eindhoven nl,,0–0,,no Haugesund,22759,Philips Stadion,Juan MartÃ­nez,Match Report,Leg 2 of 2; PSV Eindhoven won,Europa-League,19,2019-2020
Third qualifying round,Thu,2019-08-15,21:30,Aris gr,,3–1,,no Molde,12821,Stadio Harilaou KleÃ¡nthis VikelÃ­dis,Robert Harvey,Match Report,Leg 2 of 2; Molde won; Required Extra Time,Europa-League,19,2019-2020
Third qualifying round,Thu,2019-08-15,19:45,Wolves eng,,4–0,,am Pyunik,29391,Molineux Stadium,Donatas RumÅ¡as,Match Report,Leg 2 of 2; Wolves won,Europa-League,19,2019-2020
Third qualifying round,Thu,2019-08-15,19:45,Rangers sct,,3–1,,dk Midtjylland,47184,Ibrox Stadium,Marco Di Bello,Match Report,Leg 2 of 2; Rangers won,Europa-League,19,2019-2020
Third qualifying round,Thu,2019-08-15,19:45,Braga pt,,3–1,,dk Brøndby,11964,EstÃ¡dio Municipal de Braga,Aleksey Eskov,Match Report,Leg 2 of 2; Braga won,Europa-League,19,2019-2020
Third qualifying round,Thu,2019-08-15,19:45,Aberdeen sct,,0–2,,hr Rijeka,15246,Pittodrie Stadium,Harald Lechner,Match Report,Leg 2 of 2; Rijeka won,Europa-League,19,2019-2020
Third qualifying round,Thu,2019-08-15,21:00,Espanyol es,,3–0,,ch Luzern,13214,RCDE Stadium,Jorge de Sousa,Match Report,Leg 2 of 2; Espanyol won,Europa-League,19,2019-2020
Play-off round,Thu,2019-08-22,20:00,Astana FK kz,,3–0,,by BATE Borisov,24369,Astana Arena,Sergiy Boyko,Match Report,Leg 1 of 2,Europa-League,19,2019-2020
Play-off round,Thu,2019-08-22,19:00,Ararat-Armenia am,,2–1,,lu F91 Dudelange,11000,Vazgen Sargsyan anvan Hanrapetakan Marza...,Harald Lechner,Match Report,Leg 1 of 2,Europa-League,19,2019-2020
Play-off round,Thu,2019-08-22,19:00,Malmö se,,3–0,,il Bnei Yehuda TA,13956,Swedbank Stadion,PaweÅ Raczkowski,Match Report,Leg 1 of 2,Europa-League,19,2019-2020
Play-off round,Thu,2019-08-22,20:00,Sūduva lt,,0–0,,hu Ferencváros,5741,ARVI futbolo arena,Manuel SchÃ¼ttengruber,Match Report,Leg 1 of 2,Europa-League,19,2019-2020
Play-off round,Thu,2019-08-22,19:30,Feyenoord nl,,3–0,,il Be'er Sheva,35000,Stadion Feijenoord,Andris Treimanis,Match Report,Leg 1 of 2,Europa-League,19,2019-2020
Play-off round,Thu,2019-08-22,20:30,Ludogorets bg,,0–0,,si Maribor,6200,Ludogorets Arena,Jakob Kehlet,Match Report,Leg 1 of 2,Europa-League,19,2019-2020
Play-off round,Thu,2019-08-22,19:45,FC Copenhagen dk,,3–1,,lv Rīga FC,13930,Telia Parken,Bas Nijhuis,Match Report,Leg 1 of 2,Europa-League,19,2019-2020
Play-off round,Thu,2019-08-22,20:00,Legia Warsaw pl,,0–0,,sct Rangers,26665,Stadion Miejski Legii Warszawa im. Marsz...,BenoÃ®t Bastien,Match Report,Leg 1 of 2,Europa-League,19,2019-2020
Play-off round,Thu,2019-08-22,21:00,AEK Athens gr,,1–3,,tr Trabzonspor,141,Olympiako Stadio Spyros Louis,Daniel Siebert,Match Report,Leg 1 of 2,Europa-League,19,2019-2020
Play-off round,Thu,2019-08-22,20:30,PSV Eindhoven nl,,3–0,,cy Apollon,17500,Philips Stadion,Aliaksei Kulbakou,Match Report,Leg 1 of 2,Europa-League,19,2019-2020
Play-off round,Thu,2019-08-22,20:30,AZ Alkmaar nl,,1–1,,be Antwerp,4014,De Grolsch Veste,SrÄan JovanoviÄ,Match Report,Leg 1 of 2,Europa-League,19,2019-2020
Play-off round,Thu,2019-08-22,20:30,Gent be,,2–1,,hr Rijeka,12198,GHELAMCO-arena,Daniel StefaÅski,Match Report,Leg 1 of 2,Europa-League,19,2019-2020
Play-off round,Thu,2019-08-22,20:30,Strasbourg fr,,1–0,,de Eint Frankfurt,21708,Stade de la Meinau,Ivan KruÅ¾liak,Match Report,Leg 1 of 2,Europa-League,19,2019-2020
Play-off round,Thu,2019-08-22,21:30,FCSB ro,,0–0,,pt Vitória,4518,Stadionul Marin Anastasovici,Matej Jug,Match Report,Leg 1 of 2,Europa-League,19,2019-2020
Play-off round,Thu,2019-08-22,19:45,Celtic sct,,2–0,,se AIK Stockholm,40885,Celtic Park,TamÃ¡s BognÃ¡r,Match Report,Leg 1 of 2,Europa-League,19,2019-2020
Play-off round,Thu,2019-08-22,19:45,Braga pt,,1–0,,ru Spartak Moscow,11667,EstÃ¡dio Municipal de Braga,Javier Estrada,Match Report,Leg 1 of 2,Europa-League,19,2019-2020
Play-off round,Thu,2019-08-22,19:45,Linfield nir,,3–2,,az Qarabağ Ağdam,4633,Windsor Park,Sandro SchÃ¤rer,Match Report,Leg 1 of 2,Europa-League,19,2019-2020
Play-off round,Thu,2019-08-22,21:00,Partizan rs,,2–1,,no Molde,3157,Stadion FK Partizan,Viktor Kassai,Match Report,Leg 1 of 2,Europa-League,19,2019-2020
Play-off round,Thu,2019-08-22,21:00,Slovan Bratislava sk,,1–0,,gr PAOK,20233,Å tadiÃ³n TehelnÃ© pole,Ivan Bebek,Match Report,Leg 1 of 2,Europa-League,19,2019-2020
Play-off round,Thu,2019-08-22,21:00,Torino it,,2–3,,eng Wolves,24091,Stadio Olimpico di Torino,Artur Soares Dias,Match Report,Leg 1 of 2,Europa-League,19,2019-2020
Play-off round,Thu,2019-08-22,21:00,Espanyol es,,3–1,,ua Zorya Luhansk,13686,RCDE Stadium,Tobias Stieler,Match Report,Leg 1 of 2,Europa-League,19,2019-2020
Play-off round,Thu,2019-08-29,20:00,Qarabağ Ağdam az,,2–1,,nir Linfield,18349,Tofiq BÉhramov adÄ±na Respublika stadionu,Sergey Ivanov,Match Report,Leg 2 of 2; QarabaÄ AÄdam won,Europa-League,19,2019-2020
Play-off round,Thu,2019-08-29,19:45,Rīga FC lv,,1–0,,dk FC Copenhagen,7055,Stadions Skonto,PaweÅ Gil,Match Report,Leg 2 of 2; FC Copenhagen won,Europa-League,19,2019-2020
Play-off round,Thu,2019-08-29,19:00,AIK Stockholm se,,1–4,,sct Celtic,28410,Friends Arena,Nikola DabanoviÄ,Match Report,Leg 2 of 2; Celtic won,Europa-League,19,2019-2020
Play-off round,Thu,2019-08-29,19:00,Molde no,,1–1,,rs Partizan,7102,Aker Stadion,Ruddy Buquet,Match Report,Leg 2 of 2; Partizan won,Europa-League,19,2019-2020
Play-off round,Thu,2019-08-29,20:00,Apollon cy,,0–4,,nl PSV Eindhoven,2004,Neo GSP,William Collum,Match Report,Leg 2 of 2; PSV Eindhoven won,Europa-League,19,2019-2020
Play-off round,Thu,2019-08-29,20:00,Zorya Luhansk ua,,2–2,,es Espanyol,10181,Slavutych-Arena,Radu Petrescu,Match Report,Leg 2 of 2; Espanyol won,Europa-League,19,2019-2020
Play-off round,Thu,2019-08-29,20:00,PAOK gr,,3–2,,sk Slovan Bratislava,20776,Stadio Toumbas,Andreas Ekberg,Match Report,Leg 2 of 2; Slovan Bratislava won,Europa-League,19,2019-2020
Play-off round,Thu,2019-08-29,20:00,BATE Borisov by,,2–0,,kz Astana FK,10701,Borisov Arena,Bobby Madden,Match Report,Leg 2 of 2; Astana FK won,Europa-League,19,2019-2020
Play-off round,Thu,2019-08-29,20:00,Bnei Yehuda TA il,,0–1,,se Malmö,900,HaMoshava-Stadion,Serdar GÃ¶zÃ¼bÃ¼yÃ¼k,Match Report,Leg 2 of 2; MalmÃ¶ won,Europa-League,19,2019-2020
Play-off round,Thu,2019-08-29,20:15,Spartak Moscow ru,,1–2,,pt Braga,38176,Otkrytie Arena,Davide Massa,Match Report,Leg 2 of 2; Braga won,Europa-League,19,2019-2020
Play-off round,Thu,2019-08-29,19:30,Antwerp be,,1–4,,nl AZ Alkmaar,19786,Stade Roi Baudouin,Tasos Sidiropoulos,Match Report,Leg 2 of 2; AZ Alkmaar won; Required Extra Time,Europa-League,19,2019-2020
Play-off round,Thu,2019-08-29,20:30,Trabzonspor tr,,0–2,,gr AEK Athens,30490,Åenol GÃ¼neÅ Stadyumu,Michael Oliver,Match Report,Leg 2 of 2; Trabzonspor won,Europa-League,19,2019-2020
Play-off round,Thu,2019-08-29,20:30,Be'er Sheva il,,0–3,,nl Feyenoord,9107,Turner Stadium,Gediminas MaÅ¾eika,Match Report,Leg 2 of 2; Feyenoord won,Europa-League,19,2019-2020
Play-off round,Thu,2019-08-29,20:00,Ferencváros hu,,4–2,,lt Sūduva,18567,Groupama Arena,Marco Guida,Match Report,Leg 2 of 2; FerencvÃ¡ros won,Europa-League,19,2019-2020
Play-off round,Thu,2019-08-29,20:00,Rijeka hr,,1–1,,be Gent,7562,Stadion HNK Rijeka,FranÃ§ois Letexier,Match Report,Leg 2 of 2; Gent won,Europa-League,19,2019-2020
Play-off round,Thu,2019-08-29,20:00,F91 Dudelange lu,,(5) 2–1 (4),,am Ararat-Armenia,2874,Stade Josy Barthel,Aleksandar Stavrev,Match Report,Leg 2 of 2; F91 Dudelange won; F91 Dudelange won on penalty kicks following extra time,Europa-League,19,2019-2020
Play-off round,Thu,2019-08-29,20:15,Maribor si,,2–2,,bg Ludogorets,9016,Ljudski vrt,Craig Pawson,Match Report,Leg 2 of 2; Ludogorets won,Europa-League,19,2019-2020
Play-off round,Thu,2019-08-29,20:30,Eint Frankfurt de,,3–0,,fr Strasbourg,47000,Commerzbank-Arena,Orel Grinfeeld,Match Report,Leg 2 of 2; Eint Frankfurt won,Europa-League,19,2019-2020
Play-off round,Thu,2019-08-29,19:45,Rangers sct,,1–0,,pl Legia Warsaw,45463,Ibrox Stadium,Slavko VinÄiÄ,Match Report,Leg 2 of 2; Rangers won,Europa-League,19,2019-2020
Play-off round,Thu,2019-08-29,19:45,Wolves eng,,2–1,,it Torino,29222,Molineux Stadium,JesÃºs Gil,Match Report,Leg 2 of 2; Wolves won,Europa-League,19,2019-2020
Play-off round,Thu,2019-08-29,20:00,Vitória pt,,1–0,,ro FCSB,18352,EstÃ¡dio Dom Afonso Henriques,Irfan Peljto,Match Report,Leg 2 of 2; VitÃ³ria won,Europa-League,19,2019-2020
